domain,path,method,operationId,summary,tags,x_sage_pathtitle,x_sage_professional_only,full_url_example,consumes,produces,source_file
Cash Book,/bank_account_types,GET,GetBankAccountTypes,Bank Account Types,Bank Account Types,Bank account types,,https://api.columbus.sage.com/uk/sage200extra/accounts/v1/bank_account_types,,application/json,cash-book.json
Cash Book,/bank_entry_types,GET,GetBankEntryTypes,Bank Entry Types,Bank Entry Types,Bank entry types,,https://api.columbus.sage.com/uk/sage200extra/accounts/v1/bank_entry_types,,application/json,cash-book.json
Cash Book,/bank_payment,POST,PostBankPayment,Bank Payment,Bank Payment,Bank payment,,https://api.columbus.sage.com/uk/sage200extra/accounts/v1/bank_payment,application/json,application/json,cash-book.json
Cash Book,/bank_posted_transactions,GET,GetBankPostedTransactions,Bank Posted Transactions,Bank Posted Transactions,Bank posted transactions,,https://api.columbus.sage.com/uk/sage200extra/accounts/v1/bank_posted_transactions,,application/json,cash-book.json
Cash Book,/bank_posted_transactions/{Id},GET,GetBankPostedTransaction,Bank Posted Transaction,Bank Posted Transactions,Bank posted transaction,,https://api.columbus.sage.com/uk/sage200extra/accounts/v1/bank_posted_transactions/{Id},,application/json,cash-book.json
Cash Book,/bank_receipt,POST,PostBankReceipt,Bank Receipt,Bank Receipt,Bank receipt,,https://api.columbus.sage.com/uk/sage200extra/accounts/v1/bank_receipt,application/json,application/json,cash-book.json
Cash Book,/bank_transfer,POST,PostBankTransfer,Bank Transfer,Bank Transfer,Bank transfer,,https://api.columbus.sage.com/uk/sage200extra/accounts/v1/bank_transfer,application/json,,cash-book.json
Cash Book,/bank_views,GET,GetBankViews,Bank Views,Bank Views,Bank views,,https://api.columbus.sage.com/uk/sage200extra/accounts/v1/bank_views,,application/json,cash-book.json
Cash Book,/banks,GET,GetBanks,Banks,Banks,Banks,,https://api.columbus.sage.com/uk/sage200extra/accounts/v1/banks,,application/json,cash-book.json
Cash Book,/banks,POST,PostBank,Banks,Banks,Banks,,https://api.columbus.sage.com/uk/sage200extra/accounts/v1/banks,application/json,application/json,cash-book.json
Cash Book,/banks/{Id},DELETE,DeleteBank,Bank,Banks,Bank,,https://api.columbus.sage.com/uk/sage200extra/accounts/v1/banks/{Id},,application/json,cash-book.json
Cash Book,/banks/{Id},GET,GetBank,Bank,Banks,Bank,,https://api.columbus.sage.com/uk/sage200extra/accounts/v1/banks/{Id},,application/json,cash-book.json
Cash Book,/banks/{Id},PUT,PutBank,Bank,Banks,Bank,,https://api.columbus.sage.com/uk/sage200extra/accounts/v1/banks/{Id},application/json,application/json,cash-book.json
Cash Book,/banks/{bankId}/bank_posted_transactions,GET,GetBankPostedTransactionsForBankAccount,Bank Posted Transactions For Bank Account,Bank Posted Transactions,Bank posted transactions for bank account,,https://api.columbus.sage.com/uk/sage200extra/accounts/v1/banks/{bankId}/bank_posted_transactions,,application/json,cash-book.json
Cash Book,/cash_book_settings,GET,GetCashBookSettings,Cash Book Settings,Cash Book Settings,Cash Book settings,,https://api.columbus.sage.com/uk/sage200extra/accounts/v1/cash_book_settings,,application/json,cash-book.json
Cash Book,/cash_book_settings/{Id},GET,GetCashBookSetting,Cash Book Setting,Cash Book Settings,Cash Book setting,,https://api.columbus.sage.com/uk/sage200extra/accounts/v1/cash_book_settings/{Id},,application/json,cash-book.json
Cash Book,/electronic_bank_function_types,GET,GetElectronicBankFunctionTypes,Electronic Bank Function Types,Electronic Bank Function Types,Electronic bank function types,,https://api.columbus.sage.com/uk/sage200extra/accounts/v1/electronic_bank_function_types,,application/json,cash-book.json
Cash Book,/lookup_banks,GET,GetLookupBanks,Lookup Banks,Lookup Banks,Lookup Banks,,https://api.columbus.sage.com/uk/sage200extra/accounts/v1/lookup_banks,,application/json,cash-book.json
Commercials,/confirmation_intent_types,GET,GetConfirmationIntentTypes,Confirmation Intent Types,Confirmation Intent Types,Confirmation Intent Types,,https://api.columbus.sage.com/uk/sage200extra/accounts/v1/confirmation_intent_types,,application/json,commercials.json
Commercials,/intrastat_date_types,GET,GetIntrastatDateTypes,Intrastat Date Types,Intrastat Date Types,Intrastat Date Types,,https://api.columbus.sage.com/uk/sage200extra/accounts/v1/intrastat_date_types,,application/json,commercials.json
Commercials,/intrastat_terms_of_delivery_types,GET,GetIntrastatTermsOfDeliveryTypes,Intrastat Terms Of Delivery Types,Intrastat Terms Of Delivery Types,Intrastat Terms Of Delivery Types,,https://api.columbus.sage.com/uk/sage200extra/accounts/v1/intrastat_terms_of_delivery_types,,application/json,commercials.json
Commercials,/order_return_line_types,GET,GetOrderReturnLineTypes,Order Return Line Types,Order Return Line Types,Order return line types,,https://api.columbus.sage.com/uk/sage200extra/accounts/v1/order_return_line_types,,application/json,commercials.json
Financials,/account_status_types,GET,GetAccountStatusTypes,Account Status Types,Account Status Types,Account Status Types,,https://api.columbus.sage.com/uk/sage200extra/accounts/v1/account_status_types,,application/json,financials.json
Financials,/aged_balances_ageing_types,GET,GetAgedBalancesAgeingTypes,Aged Balances Ageing Types,Aged Balances Ageing Types,Aged balances ageing types,,https://api.columbus.sage.com/uk/sage200extra/accounts/v1/aged_balances_ageing_types,,application/json,financials.json
Financials,/allocation_status_types,GET,GetAllocationStatusTypes,Allocation Status Types,Allocation Status Types,Allocation Status Types,,https://api.columbus.sage.com/uk/sage200extra/accounts/v1/allocation_status_types,,application/json,financials.json
Financials,/communication_contact_types,GET,GetCommunicationContactTypes,Communication Contact Types,Communication Contact Types,Communication Contact Types,,https://api.columbus.sage.com/uk/sage200extra/accounts/v1/communication_contact_types,,application/json,financials.json
Financials,/communication_location_types,GET,GetCommunicationLocationTypes,Communication Location Types,Communication Location Types,Communication Location Types,,https://api.columbus.sage.com/uk/sage200extra/accounts/v1/communication_location_types,,application/json,financials.json
Financials,/communication_outcome_types,GET,GetCommunicationOutcomeTypes,Communication Outcome Types,Communication Outcome Types,Communication Outcome Types,,https://api.columbus.sage.com/uk/sage200extra/accounts/v1/communication_outcome_types,,application/json,financials.json
Financials,/communication_style_types,GET,GetCommunicationStyleTypes,Communication Style Types,Communication Style Types,Communication Style Types,,https://api.columbus.sage.com/uk/sage200extra/accounts/v1/communication_style_types,,application/json,financials.json
Financials,/communication_types,GET,GetCommunicationTypes,Communication Types,Communication Types,Communication Types,,https://api.columbus.sage.com/uk/sage200extra/accounts/v1/communication_types,,application/json,financials.json
Financials,/contact_number_types,GET,GetContactNumberTypes,Contact Number Types,Contact Number Types,Contact number types,,https://api.columbus.sage.com/uk/sage200extra/accounts/v1/contact_number_types,,application/json,financials.json
Financials,/country_codes,GET,GetCountryCodes,Country Codes,Country Codes,Country codes,,https://api.columbus.sage.com/uk/sage200extra/accounts/v1/country_codes,,application/json,financials.json
Financials,/country_codes/{Id},GET,GetCountryCode,Country Code,Country Codes,Country code,,https://api.columbus.sage.com/uk/sage200extra/accounts/v1/country_codes/{Id},,application/json,financials.json
Financials,/credit_bureaus,GET,GetCreditBureaus,Credit Bureaus,Credit Bureaus,Credit bureaus,,https://api.columbus.sage.com/uk/sage200extra/accounts/v1/credit_bureaus,,application/json,financials.json
Financials,/credit_bureaus/{Id},GET,GetCreditBureau,Credit Bureau,Credit Bureaus,Credit bureau,,https://api.columbus.sage.com/uk/sage200extra/accounts/v1/credit_bureaus/{Id},,application/json,financials.json
Financials,/credit_positions,GET,GetCreditPositions,Credit Positions,Credit Positions,Credit positions,,https://api.columbus.sage.com/uk/sage200extra/accounts/v1/credit_positions,,application/json,financials.json
Financials,/credit_positions/{Id},GET,GetCreditPosition,Credit Position,Credit Positions,Credit position,,https://api.columbus.sage.com/uk/sage200extra/accounts/v1/credit_positions/{Id},,application/json,financials.json
Financials,/currencies,GET,GetCurrencies,Currencies Collection,Currencies,Currencies Collection,,https://api.columbus.sage.com/uk/sage200extra/accounts/v1/currencies,,application/json,financials.json
Financials,/currencies/{Id},GET,GetCurrency,Single Currency Resource,Currencies,Single Currency Resource,,https://api.columbus.sage.com/uk/sage200extra/accounts/v1/currencies/{Id},,application/json,financials.json
Financials,/currency_exchange_rates,POST,PostCurrencyExchangeRates,Currency Exchange Rates,Currency Exchange Rates,Currency exchange rates,,https://api.columbus.sage.com/uk/sage200extra/accounts/v1/currency_exchange_rates,application/json,application/json,financials.json
Financials,/currency_iso_codes,GET,GetCurrencyISOCodes,Currency ISO Codes,Currency Iso Codes,Currency ISO codes,,https://api.columbus.sage.com/uk/sage200extra/accounts/v1/currency_iso_codes,,application/json,financials.json
Financials,/currency_iso_codes/{Id},GET,GetCurrencyISOCode,Currency ISO Code,Currency Iso Codes,Currency ISO code,,https://api.columbus.sage.com/uk/sage200extra/accounts/v1/currency_iso_codes/{Id},,application/json,financials.json
Financials,/currency_transaction_types,GET,GetCurrencyTransactionTypes,Currency Transaction Types,Currency Transaction Types,Currency Transaction Types,,https://api.columbus.sage.com/uk/sage200extra/accounts/v1/currency_transaction_types,,application/json,financials.json
Financials,/document_layouts,GET,GetDocumentLayouts,Document Layouts,Document Layouts,Document layouts,,https://api.columbus.sage.com/uk/sage200extra/accounts/v1/document_layouts,,application/json,financials.json
Financials,/document_layouts/{Id},GET,GetDocumentLayout,Document Layout,Document Layouts,Document layout,,https://api.columbus.sage.com/uk/sage200extra/accounts/v1/document_layouts/{Id},,application/json,financials.json
Financials,/document_types,GET,GetDocumentTypes,Document Types,Document Types,Document types,,https://api.columbus.sage.com/uk/sage200extra/accounts/v1/document_types,,application/json,financials.json
Financials,/document_types/{Id},GET,GetDocumentType,Document Types,Document Types,Document types,,https://api.columbus.sage.com/uk/sage200extra/accounts/v1/document_types/{Id},,application/json,financials.json
Financials,/exchange_rate_amendability_types,GET,GetExchangeRateAmendabilityTypes,Exchange Rate Amendability Types,Exchange Rate Amendability Types,Exchange rate amendability types,,https://api.columbus.sage.com/uk/sage200extra/accounts/v1/exchange_rate_amendability_types,,application/json,financials.json
Financials,/exchange_rate_types,GET,GetExchangeRateTypes,Exchange Rate Types,Exchange Rate Types,Exchange Rate Types,,https://api.columbus.sage.com/uk/sage200extra/accounts/v1/exchange_rate_types,,application/json,financials.json
Financials,/financial_report_layout_types,GET,GetFinancialReportLayoutTypes,Financial Report Layout Types,Financial Report Layout Types,Financial report layout types,,https://api.columbus.sage.com/uk/sage200extra/accounts/v1/financial_report_layout_types,,application/json,financials.json
Financials,/financial_report_layout_views,GET,GetFinancialReportLayoutViews,Financial Report Layout Views,Financial Report Layout Views,Financial report layout views,,https://api.columbus.sage.com/uk/sage200extra/accounts/v1/financial_report_layout_views,,application/json,financials.json
Financials,/financial_report_row_layout_debit_or_credit_types,GET,GetFinancialReportRowLayoutDebitOrCreditTypes,Financial Report Row Layout Debit Or Credit Types,Financial Report Row Layout Debit Or Credit Types,Financial report row layout debit or credit types,,https://api.columbus.sage.com/uk/sage200extra/accounts/v1/financial_report_row_layout_debit_or_credit_types,,application/json,financials.json
Financials,/financial_report_row_layout_position_types,GET,GetFinancialReportRowLayoutPositionTypes,Financial Report Row Layout Position Types,Financial Report Row Layout Position Types,Financial report row layout position types,,https://api.columbus.sage.com/uk/sage200extra/accounts/v1/financial_report_row_layout_position_types,,application/json,financials.json
Financials,/financial_report_row_line_types,GET,GetFinancialReportRowLineTypes,Financial Report Row Line Types,Financial Report Row Line Types,Financial report row line types,,https://api.columbus.sage.com/uk/sage200extra/accounts/v1/financial_report_row_line_types,,application/json,financials.json
Financials,/financial_year_period_views,GET,GetFinancialYearPeriodViews,Financial Year Period Views,Financial Year Period Views,Financial year period views,,https://api.columbus.sage.com/uk/sage200extra/accounts/v1/financial_year_period_views,,application/json,financials.json
Financials,/tax_account_entry_types,GET,GetTaxAccountEntryLocationTypes,Tax Account Entry Location Types,Tax Account Entry Types,Tax account entry location types,,https://api.columbus.sage.com/uk/sage200extra/accounts/v1/tax_account_entry_types,,application/json,financials.json
Financials,/tax_codes,GET,GetTaxCodes,Tax Codes,Tax Codes,Tax codes,,https://api.columbus.sage.com/uk/sage200extra/accounts/v1/tax_codes,,application/json,financials.json
Financials,/tax_codes/{Id},GET,GetTaxCode,Tax Code,Tax Codes,Tax code,,https://api.columbus.sage.com/uk/sage200extra/accounts/v1/tax_codes/{Id},,application/json,financials.json
Financials,/trader_account_types,GET,GetTraderAccountTypes,Trader Account Types,Trader Account Types,Trader Account Types,,https://api.columbus.sage.com/uk/sage200extra/accounts/v1/trader_account_types,,application/json,financials.json
Financials,/trader_contact_roles,GET,GetTraderContactRoles,Trader Contact Roles,Trader Contact Roles,Trader contact roles,,https://api.columbus.sage.com/uk/sage200extra/accounts/v1/trader_contact_roles,,application/json,financials.json
Financials,/trader_contact_roles/{Id},GET,GetTraderContactRole,Trader Contact Role,Trader Contact Roles,Trader contact role,,https://api.columbus.sage.com/uk/sage200extra/accounts/v1/trader_contact_roles/{Id},,application/json,financials.json
Financials,/trader_location_types,GET,GetTraderLocationTypes,Trader Location Types,Trader Location Types,Trader location types,,https://api.columbus.sage.com/uk/sage200extra/accounts/v1/trader_location_types,,application/json,financials.json
Financials,/trader_payment_terms,GET,GetTraderPaymentTerms,Trader Payment Terms,Trader Payment Terms,Trader payment terms,,https://api.columbus.sage.com/uk/sage200extra/accounts/v1/trader_payment_terms,,application/json,financials.json
Financials,/trader_transaction_types,GET,GetTraderTransactionTypes,Trader Transaction Types,Trader Transaction Types,Trader transaction types,,https://api.columbus.sage.com/uk/sage200extra/accounts/v1/trader_transaction_types,,application/json,financials.json
Financials,/trading_revaluation_allocation_entry_types,GET,GetTradingRevaluationAllocationEntryTypes,Tax Account Entry Location Types,Trading Revaluation Allocation Entry Types,Tax account entry location types,,https://api.columbus.sage.com/uk/sage200extra/accounts/v1/trading_revaluation_allocation_entry_types,,application/json,financials.json
General,/accounting_period_validation_types,GET,GetAccountingPeriodValidationTypes,Accounting Period Validation Types,Accounting Period Validation Types,Accounting Period Validation Types,,https://api.columbus.sage.com/uk/sage200extra/accounts/v1/accounting_period_validation_types,,application/json,general.json
General,/analysis_code_mappings,GET,GetAnalysisCodeMappings,Analysis Code Mappings,Analysis Code Mappings,Analysis code mappings,,https://api.columbus.sage.com/uk/sage200extra/accounts/v1/analysis_code_mappings,,application/json,general.json
General,/analysis_code_mappings/{Id},GET,GetAnalysisCodeMapping,Analysis Code Mapping,Analysis Code Mappings,Analysis code mapping,,https://api.columbus.sage.com/uk/sage200extra/accounts/v1/analysis_code_mappings/{Id},,application/json,general.json
General,/company_details,GET,GetCompanyDetails,Company Details,Company Details,Company details,,https://api.columbus.sage.com/uk/sage200extra/accounts/v1/company_details,,application/json,general.json
General,/company_details/{Id},GET,GetCompanyDetail,Company Details,Company Details,Company details,,https://api.columbus.sage.com/uk/sage200extra/accounts/v1/company_details/{Id},,application/json,general.json
General,/company_details/{Id},PUT,PutCompanyDetail,Company Details,Company Details,Company details,,https://api.columbus.sage.com/uk/sage200extra/accounts/v1/company_details/{Id},application/json,application/json,general.json
General,/configurable_terms,GET,GetConfigurableTerms,Configurable Terms For The Application,Configurable Terms,Configurable terms for the application,,https://api.columbus.sage.com/uk/sage200extra/accounts/v1/configurable_terms,application/json,application/json,general.json
General,/couriers,GET,GetCouriers,Couriers,Couriers,Couriers,,https://api.columbus.sage.com/uk/sage200extra/accounts/v1/couriers,,application/json,general.json
General,/couriers,POST,PostCouriers,Couriers,Couriers,Couriers,,https://api.columbus.sage.com/uk/sage200extra/accounts/v1/couriers,application/json,application/json,general.json
General,/couriers,PUT,PutCouriers,Couriers,Couriers,Couriers,,https://api.columbus.sage.com/uk/sage200extra/accounts/v1/couriers,application/json,application/json,general.json
General,/couriers/{Id},DELETE,DeleteCourier,Courier,Couriers,Courier,,https://api.columbus.sage.com/uk/sage200extra/accounts/v1/couriers/{Id},,application/json,general.json
General,/couriers/{Id},GET,GetCourier,Courier,Couriers,Courier,,https://api.columbus.sage.com/uk/sage200extra/accounts/v1/couriers/{Id},,application/json,general.json
General,/couriers/{Id},PUT,PutCourier,Courier,Couriers,Courier,,https://api.columbus.sage.com/uk/sage200extra/accounts/v1/couriers/{Id},application/json,application/json,general.json
General,/current_user,GET,GetCurrentUser,Current User,Current User,Current_user,,https://api.columbus.sage.com/uk/sage200extra/accounts/v1/current_user,,application/json,general.json
General,/flow_states,GET,GetFlowStates,Flow States,Flow States,Flow states,,https://api.columbus.sage.com/uk/sage200extra/accounts/v1/flow_states,,application/json,general.json
General,/flow_states,POST,PostFlowState,Flow States,Flow States,Flow states,,https://api.columbus.sage.com/uk/sage200extra/accounts/v1/flow_states,,application/json,general.json
General,/flow_states/{Id},DELETE,DeleteFlowState,Flow State,Flow States,Flow state,,https://api.columbus.sage.com/uk/sage200extra/accounts/v1/flow_states/{Id},,application/json,general.json
General,/flow_states/{Id},GET,GetFlowState,Flow State,Flow States,Flow state,,https://api.columbus.sage.com/uk/sage200extra/accounts/v1/flow_states/{Id},,application/json,general.json
General,/flow_states/{Id},PUT,PutFlowState,Flow State,Flow States,Flow state,,https://api.columbus.sage.com/uk/sage200extra/accounts/v1/flow_states/{Id},application/json,application/json,general.json
General,/ledger_types,GET,GetLedgerTypes,Ledger Types,Ledger Types,Ledger types,,https://api.columbus.sage.com/uk/sage200extra/accounts/v1/ledger_types,,application/json,general.json
General,/licence,GET,Licence,Licence For The Application,Licence,Licence for the application,,https://api.columbus.sage.com/uk/sage200extra/accounts/v1/licence,application/json,application/json,general.json
General,/pending_emails,GET,GetPendingEmails,Pending Emails,Pending Emails,Pending Emails,,https://api.columbus.sage.com/uk/sage200extra/accounts/v1/pending_emails,,application/json,general.json
General,/pending_emails,POST,PostPendingEmail,Pending Emails,Pending Emails,Pending Emails,,https://api.columbus.sage.com/uk/sage200extra/accounts/v1/pending_emails,,application/json,general.json
General,/pending_emails/{Id},DELETE,DeletePendingEmail,Pending Email,Pending Emails,Pending Email,,https://api.columbus.sage.com/uk/sage200extra/accounts/v1/pending_emails/{Id},,application/json,general.json
General,/pending_emails/{Id},GET,GetPendingEmail,Pending Email,Pending Emails,Pending Email,,https://api.columbus.sage.com/uk/sage200extra/accounts/v1/pending_emails/{Id},,application/json,general.json
General,/pending_emails/{Id},PUT,PutPendingEmail,Pending Email,Pending Emails,Pending Email,,https://api.columbus.sage.com/uk/sage200extra/accounts/v1/pending_emails/{Id},application/json,application/json,general.json
General,/salutations,GET,GetSalutations,Salutations,Salutations,Salutations,,https://api.columbus.sage.com/uk/sage200extra/accounts/v1/salutations,,application/json,general.json
General,/salutations/{Id},GET,GetSalutation,Salutation,Salutations,Salutation,,https://api.columbus.sage.com/uk/sage200extra/accounts/v1/salutations/{Id},,application/json,general.json
General,/sites,GET,GetSites,Sites,Sites,Sites,,https://api.columbus.sage.com/uk/sage200extra/accounts/v1/sites,,application/json,general.json
General,/system_settings,GET,GetSystemSettings,System Settings,System Settings,System settings,,https://api.columbus.sage.com/uk/sage200extra/accounts/v1/system_settings,,application/json,general.json
General,/system_settings/{Id},GET,GetSystemSetting,System Setting,System Settings,System setting,,https://api.columbus.sage.com/uk/sage200extra/accounts/v1/system_settings/{Id},,application/json,general.json
General,/system_settings/{Id},PUT,PutSystemSetting,System Setting,System Settings,System setting,,https://api.columbus.sage.com/uk/sage200extra/accounts/v1/system_settings/{Id},application/json,application/json,general.json
General,/time_unit_types,GET,GetTimeUnitTypes,Time Unit Types,Time Unit Types,Time unit types,,https://api.columbus.sage.com/uk/sage200extra/accounts/v1/time_unit_types,,application/json,general.json
General,/transaction_date_validation,POST,PostTransactionDateValidation,Transaction Date Validation,Transaction Date Validation,Transaction_date_validation,,https://api.columbus.sage.com/uk/sage200extra/accounts/v1/transaction_date_validation,application/json,application/json,general.json
General,/transaction_date_validation_classifications,GET,GetTransactionDateValidationClassifications,Transaction Date Validation Classifications,Transaction Date Validation Classifications,Transaction Date Validation Classifications,,https://api.columbus.sage.com/uk/sage200extra/accounts/v1/transaction_date_validation_classifications,,application/json,general.json
General,/transaction_date_validation_types,GET,GetTransactionDateValidationTypes,Transaction Date Validation Types,Transaction Date Validation Types,Transaction Date Validation Types,,https://api.columbus.sage.com/uk/sage200extra/accounts/v1/transaction_date_validation_types,,application/json,general.json
General,/update_modes,GET,GetUpdateModes,Update Modes,Update Modes,Update modes,,https://api.columbus.sage.com/uk/sage200extra/accounts/v1/update_modes,,application/json,general.json
General,/users,GET,GetUsers,Users,Users,Users,,https://api.columbus.sage.com/uk/sage200extra/accounts/v1/users,,application/json,general.json
General,/users/{Id},GET,GetUser,User,Users,User,,https://api.columbus.sage.com/uk/sage200extra/accounts/v1/users/{Id},,application/json,general.json
Nominal,/consolidated_nominal_codes,GET,GetConsolidatedNominalCodes,Consolidated Nominal Codes,Consolidated Nominal Codes,Consolidated Nominal codes,,https://api.columbus.sage.com/uk/sage200extra/accounts/v1/consolidated_nominal_codes,,application/json,nominal.json
Nominal,/consolidated_nominal_codes/{Id},GET,GetConsolidatedNominalCode,Consolidated Nominal Code,Consolidated Nominal Codes,Consolidated nominal code,,https://api.columbus.sage.com/uk/sage200extra/accounts/v1/consolidated_nominal_codes/{Id},,application/json,nominal.json
Nominal,/control_nominal_code_types,GET,GetControlNominalCodeTypes,Control Nominal Code Types,Control Nominal Code Types,Control nominal code types,,https://api.columbus.sage.com/uk/sage200extra/accounts/v1/control_nominal_code_types,,application/json,nominal.json
Nominal,/control_nominal_codes,GET,GetControlNominalCodes,Control (Default) Nominal Codes,Control Nominal Codes,Control (Default) Nominal Codes,,https://api.columbus.sage.com/uk/sage200extra/accounts/v1/control_nominal_codes,,application/json,nominal.json
Nominal,/control_nominal_codes/{Id},GET,GetControlNominalCode,Control (Default) Nominal Code,Control Nominal Codes,Control (Default) Nominal Code,,https://api.columbus.sage.com/uk/sage200extra/accounts/v1/control_nominal_codes/{Id},,application/json,nominal.json
Nominal,/cost_centres,GET,GetCostCentres,Cost Centres,Cost Centres,Cost centres,,https://api.columbus.sage.com/uk/sage200extra/accounts/v1/cost_centres,,application/json,nominal.json
Nominal,/cost_centres,POST,PostCostCentre,Cost Centres,Cost Centres,Cost centres,,https://api.columbus.sage.com/uk/sage200extra/accounts/v1/cost_centres,application/json,application/json,nominal.json
Nominal,/cost_centres,PUT,PutCostCentres,Cost Centres,Cost Centres,Cost centres,,https://api.columbus.sage.com/uk/sage200extra/accounts/v1/cost_centres,application/json,application/json,nominal.json
Nominal,/cost_centres/{Id},DELETE,DeleteCostCentre,Cost Centre,Cost Centres,Cost centre,,https://api.columbus.sage.com/uk/sage200extra/accounts/v1/cost_centres/{Id},,application/json,nominal.json
Nominal,/cost_centres/{Id},GET,GetCostCentre,Cost Centre,Cost Centres,Cost centre,,https://api.columbus.sage.com/uk/sage200extra/accounts/v1/cost_centres/{Id},,application/json,nominal.json
Nominal,/cost_centres/{Id},PUT,PutCostCentre,Cost Centre,Cost Centres,Cost centre,,https://api.columbus.sage.com/uk/sage200extra/accounts/v1/cost_centres/{Id},application/json,application/json,nominal.json
Nominal,/departments,GET,GetDepartments,Departments,Departments,Departments,,https://api.columbus.sage.com/uk/sage200extra/accounts/v1/departments,,application/json,nominal.json
Nominal,/departments,POST,PostDepartment,Departments,Departments,Departments,,https://api.columbus.sage.com/uk/sage200extra/accounts/v1/departments,application/json,application/json,nominal.json
Nominal,/departments,PUT,PutDepartments,Departments,Departments,Departments,,https://api.columbus.sage.com/uk/sage200extra/accounts/v1/departments,application/json,application/json,nominal.json
Nominal,/departments/{Id},DELETE,DeleteDepartment,Department,Departments,Department,,https://api.columbus.sage.com/uk/sage200extra/accounts/v1/departments/{Id},,application/json,nominal.json
Nominal,/departments/{Id},GET,GetDepartment,Department,Departments,Department,,https://api.columbus.sage.com/uk/sage200extra/accounts/v1/departments/{Id},,application/json,nominal.json
Nominal,/departments/{Id},PUT,PutDepartment,Department,Departments,Department,,https://api.columbus.sage.com/uk/sage200extra/accounts/v1/departments/{Id},application/json,application/json,nominal.json
Nominal,/lookup_nominal_codes,GET,GetLookupNominalCodes,Lookup Nominal Codes,Lookup Nominal Codes,Lookup Nominal Codes,,https://api.columbus.sage.com/uk/sage200extra/accounts/v1/lookup_nominal_codes,,application/json,nominal.json
Nominal,/nominal_account_entry_location_types,GET,GetNominalAccountEntryLocationTypes,Nominal Account Entry Location Types,Nominal Account Entry Location Types,Nominal account entry location types,,https://api.columbus.sage.com/uk/sage200extra/accounts/v1/nominal_account_entry_location_types,,application/json,nominal.json
Nominal,/nominal_account_types,GET,GetNominalAccountTypes,Nominal Account Types,Nominal Account Types,Nominal account types,,https://api.columbus.sage.com/uk/sage200extra/accounts/v1/nominal_account_types,,application/json,nominal.json
Nominal,/nominal_budget_profiles,GET,GetNominalBudgetProfiles,Nominal Budget Profiles,Nominal Budget Profiles,Nominal budget profiles,,https://api.columbus.sage.com/uk/sage200extra/accounts/v1/nominal_budget_profiles,,application/json,nominal.json
Nominal,/nominal_budget_profiles/{Id},GET,GetNominalBudgetProfile,Nominal Budget Profile,Nominal Budget Profiles,Nominal budget profile,,https://api.columbus.sage.com/uk/sage200extra/accounts/v1/nominal_budget_profiles/{Id},,application/json,nominal.json
Nominal,/nominal_budget_types,GET,GetNominalBudgetTypes,Nominal Budget Types,Nominal Budget Types,Nominal budget types,,https://api.columbus.sage.com/uk/sage200extra/accounts/v1/nominal_budget_types,,application/json,nominal.json
Nominal,/nominal_code_memos,GET,GetNominalCodeMemos,Nominal Code Memos,Nominal Code Memos,Nominal code memos,,https://api.columbus.sage.com/uk/sage200extra/accounts/v1/nominal_code_memos,,application/json,nominal.json
Nominal,/nominal_code_memos,POST,PostNominalCodeMemo,Nominal Code Memos,Nominal Code Memos,Nominal code memos,,https://api.columbus.sage.com/uk/sage200extra/accounts/v1/nominal_code_memos,application/json,application/json,nominal.json
Nominal,/nominal_code_memos/{Id},DELETE,DeleteNominalCodeMemo,Nominal Code Memo,Nominal Code Memos,Nominal code memo,,https://api.columbus.sage.com/uk/sage200extra/accounts/v1/nominal_code_memos/{Id},,application/json,nominal.json
Nominal,/nominal_code_memos/{Id},GET,GetNominalCodeMemo,Nominal Code Memo,Nominal Code Memos,Nominal code memo,,https://api.columbus.sage.com/uk/sage200extra/accounts/v1/nominal_code_memos/{Id},,application/json,nominal.json
Nominal,/nominal_code_memos/{Id},PUT,PutNominalCodeMemo,Nominal Code Memo,Nominal Code Memos,Nominal code memo,,https://api.columbus.sage.com/uk/sage200extra/accounts/v1/nominal_code_memos/{Id},application/json,application/json,nominal.json
Nominal,/nominal_code_views,GET,GetNominalCodeViews,Nominal Code Views,Nominal Code Views,Nominal code views,,https://api.columbus.sage.com/uk/sage200extra/accounts/v1/nominal_code_views,,application/json,nominal.json
Nominal,/nominal_codes,GET,GetNominalCodes,Nominal Codes,Nominal Codes,Nominal codes,,https://api.columbus.sage.com/uk/sage200extra/accounts/v1/nominal_codes,,application/json,nominal.json
Nominal,/nominal_codes,POST,PostNominalCode,Nominal Codes,Nominal Codes,Nominal codes,,https://api.columbus.sage.com/uk/sage200extra/accounts/v1/nominal_codes,application/json,application/json,nominal.json
Nominal,/nominal_codes/{Id},DELETE,DeleteNominalCode,Nominal Code,Nominal Codes,Nominal code,,https://api.columbus.sage.com/uk/sage200extra/accounts/v1/nominal_codes/{Id},,application/json,nominal.json
Nominal,/nominal_codes/{Id},GET,GetNominalCode,Nominal Code,Nominal Codes,Nominal code,,https://api.columbus.sage.com/uk/sage200extra/accounts/v1/nominal_codes/{Id},,application/json,nominal.json
Nominal,/nominal_codes/{Id},PUT,PutNominalCode,Nominal Code,Nominal Codes,Nominal code,,https://api.columbus.sage.com/uk/sage200extra/accounts/v1/nominal_codes/{Id},application/json,application/json,nominal.json
Nominal,/nominal_codes/{nominalCodeId}/nominal_transaction_enquiry_views,GET,GetNominalTransactionsEnquiryViewForNominal,Nominal Transaction Enquiry Views Transactions For Nominal Account,Nominal Transaction Enquiry Views,Nominal transaction enquiry views transactions for Nominal Account,,https://api.columbus.sage.com/uk/sage200extra/accounts/v1/nominal_codes/{nominalCodeId}/nominal_transaction_enquiry_views,,application/json,nominal.json
Nominal,/nominal_codes_new,POST,PostNominalCodesNew,New Nominal Code With Defaults,Nominal Codes,New nominal code with defaults,,https://api.columbus.sage.com/uk/sage200extra/accounts/v1/nominal_codes_new,application/json,application/json,nominal.json
Nominal,/nominal_ledger_settings,GET,GetNominalLedgerSettings,Nominal Ledger Settings,Nominal Ledger Settings,Nominal Ledger settings,,https://api.columbus.sage.com/uk/sage200extra/accounts/v1/nominal_ledger_settings,,application/json,nominal.json
Nominal,/nominal_ledger_settings/{Id},GET,GetNominalLedgerSetting,Nominal Ledger Setting,Nominal Ledger Settings,Nominal Ledger setting,,https://api.columbus.sage.com/uk/sage200extra/accounts/v1/nominal_ledger_settings/{Id},,application/json,nominal.json
Nominal,/nominal_period_value_views,GET,GetNominalPeriodValueViews,Nominal Period Value Views,Nominal Period Value Views,Nominal period value views,,https://api.columbus.sage.com/uk/sage200extra/accounts/v1/nominal_period_value_views,,application/json,nominal.json
Nominal,/nominal_report_categories,GET,GetNominalReportCategories,Nominal Report Categories,Nominal Report Categories,Nominal report categories,,https://api.columbus.sage.com/uk/sage200extra/accounts/v1/nominal_report_categories,,application/json,nominal.json
Nominal,/nominal_report_categories,POST,PostNominalReportCategory,Nominal Report Categories,Nominal Report Categories,Nominal report categories,,https://api.columbus.sage.com/uk/sage200extra/accounts/v1/nominal_report_categories,application/json,application/json,nominal.json
Nominal,/nominal_report_categories/{Id},DELETE,DeleteNominalReportCategory,Nominal Code,Nominal Report Categories,Nominal code,,https://api.columbus.sage.com/uk/sage200extra/accounts/v1/nominal_report_categories/{Id},,application/json,nominal.json
Nominal,/nominal_report_categories/{Id},GET,GetNominalReportCategory,Nominal Code,Nominal Report Categories,Nominal code,,https://api.columbus.sage.com/uk/sage200extra/accounts/v1/nominal_report_categories/{Id},,application/json,nominal.json
Nominal,/nominal_report_categories/{Id},PUT,PutNominalReportCategory,Nominal Code,Nominal Report Categories,Nominal code,,https://api.columbus.sage.com/uk/sage200extra/accounts/v1/nominal_report_categories/{Id},application/json,application/json,nominal.json
Nominal,/nominal_report_category_types,GET,GetNominalReportCategoryTypes,Nominal Report Category Types,Nominal Report Category Types,Nominal report category types,,https://api.columbus.sage.com/uk/sage200extra/accounts/v1/nominal_report_category_types,,application/json,nominal.json
Nominal,/nominal_reporting_types,GET,GetNominalReportingTypes,Nominal Reporting Types,Nominal Reporting Types,Nominal reporting types,,https://api.columbus.sage.com/uk/sage200extra/accounts/v1/nominal_reporting_types,,application/json,nominal.json
Nominal,/nominal_transaction_analysis_codes,GET,GetNominalTransactionAnalysisCodes,Nominal Transaction Analysis Codes,Nominal Transaction Analysis Codes,Nominal transaction analysis codes,,https://api.columbus.sage.com/uk/sage200extra/accounts/v1/nominal_transaction_analysis_codes,,application/json,nominal.json
Nominal,/nominal_transaction_enquiry_views,GET,GetNominalTransactionEnquiryViews,Nominal Transaction Enquiry Views,Nominal Transaction Enquiry Views,Nominal transaction enquiry views,,https://api.columbus.sage.com/uk/sage200extra/accounts/v1/nominal_transaction_enquiry_views,,application/json,nominal.json
Nominal,/nominal_transaction_enquiry_views/{Id},GET,GetNominalTransactionEnquiryView,Nominal Transaction Enquiry View,Nominal Transaction Enquiry Views,Nominal transaction enquiry view,,https://api.columbus.sage.com/uk/sage200extra/accounts/v1/nominal_transaction_enquiry_views/{Id},,application/json,nominal.json
Pop,/lookup_pop_orders,GET,GetLookupPOPOrders,Lookup Purchase Orders,Lookup POP Orders,Lookup Purchase Orders,,https://api.columbus.sage.com/uk/sage200extra/accounts/v1/lookup_pop_orders,,application/json,pop.json
Pop,/pop_additional_charges,GET,GetPOPAdditionalCharges,POP Additional Charges,POP Additional Charges,POP additional charges,,https://api.columbus.sage.com/uk/sage200extra/accounts/v1/pop_additional_charges,,application/json,pop.json
Pop,/pop_additional_charges/{Id},GET,GetPOPAdditionalCharge,POP Additional Charge,POP Additional Charges,POP additional charge,,https://api.columbus.sage.com/uk/sage200extra/accounts/v1/pop_additional_charges/{Id},,application/json,pop.json
Pop,/pop_authorisation_status_types,GET,GetPOPAuthorisationStatusTypes,POP Authorisation Status Types,POP Authorisation Status Types,POP authorisation status types,,https://api.columbus.sage.com/uk/sage200extra/accounts/v1/pop_authorisation_status_types,,application/json,pop.json
Pop,/pop_cancelled_lines,GET,GetPOPCancelledLines,Cancelled Lines For Purchase Orders And Returns,POP Cancelled Lines,Cancelled lines for purchase orders and returns,,https://api.columbus.sage.com/uk/sage200extra/accounts/v1/pop_cancelled_lines,,application/json,pop.json
Pop,/pop_cancelled_lines/{Id},GET,GetPOPCancelledLine,Cancelled Line For Purchase Orders And Returns,POP Cancelled Lines,Cancelled line for purchase orders and returns,,https://api.columbus.sage.com/uk/sage200extra/accounts/v1/pop_cancelled_lines/{Id},,application/json,pop.json
Pop,/pop_delivery_address_action_types,GET,GetPOPPDeliveryAddressActionTypes,POP Delivery Address Action Types,POP Delivery Address Action Types,POP Delivery Address Action types,,https://api.columbus.sage.com/uk/sage200extra/accounts/v1/pop_delivery_address_action_types,,application/json,pop.json
Pop,/pop_delivery_address_types,GET,GetPOPPDeliveryAddressTypes,POP Delivery Address Types,POP Delivery Address Types,POP Delivery Address types,,https://api.columbus.sage.com/uk/sage200extra/accounts/v1/pop_delivery_address_types,,application/json,pop.json
Pop,/pop_document_print_status_types,GET,GetPOPDocumentPrintStatusTypes,POP Document Print Status Types,POP Document Print Status Types,POP document print status types,,https://api.columbus.sage.com/uk/sage200extra/accounts/v1/pop_document_print_status_types,,application/json,pop.json
Pop,/pop_document_process_status_types,GET,GetPOPDocumentProcessStatusTypes,POP Document Process Status Types,POP Document Process Status Types,POP document process status types,,https://api.columbus.sage.com/uk/sage200extra/accounts/v1/pop_document_process_status_types,,application/json,pop.json
Pop,/pop_document_status_types,GET,GetPOPDocumentStatusTypes,POP Document Status Types,POP Document Status Types,POP document status types,,https://api.columbus.sage.com/uk/sage200extra/accounts/v1/pop_document_status_types,,application/json,pop.json
Pop,/pop_document_types,GET,GetPOPDocumentTypes,POP Document Types,POP Document Types,POP document types,,https://api.columbus.sage.com/uk/sage200extra/accounts/v1/pop_document_types,,application/json,pop.json
Pop,/pop_intrastat_status_types,GET,GetPOPIntrastatStatusTypes,POP Intrastat Types,POP Intrastat Status Types,POP intrastat types,,https://api.columbus.sage.com/uk/sage200extra/accounts/v1/pop_intrastat_status_types,,application/json,pop.json
Pop,/pop_invoice_credit_types,GET,GetPOPInvoiceCreditTypes,POP Invoice Credit Types,POP Invoice Credit Types,POP invoice credit types,,https://api.columbus.sage.com/uk/sage200extra/accounts/v1/pop_invoice_credit_types,,application/json,pop.json
Pop,/pop_order_generation_types,GET,GetPOPOrderGenerationTypes,POP Order Generation Types,POP Order Generation Types,POP order generation types,,https://api.columbus.sage.com/uk/sage200extra/accounts/v1/pop_order_generation_types,,application/json,pop.json
Pop,/pop_order_line_views,GET,GetPOPOrderLineViews,POP Order Line Views,POP Order Line Views,POP Order Line Views,,https://api.columbus.sage.com/uk/sage200extra/accounts/v1/pop_order_line_views,,application/json,pop.json
Pop,/pop_order_lines/{Id},GET,GetPOPOrderLine,Purchase Order Line,POP Order Lines,Purchase order line,,https://api.columbus.sage.com/uk/sage200extra/accounts/v1/pop_order_lines/{Id},,application/json,pop.json
Pop,/pop_order_lines/{lineId}/pop_linked_order_lines,GET,GetPOPLinkedOrderLinesForPOPLine,POP Linked Order Lines For A Single POP Order Line,POP Linked Order Lines,POP linked order lines for a single POP order line,,https://api.columbus.sage.com/uk/sage200extra/accounts/v1/pop_order_lines/{lineId}/pop_linked_order_lines,,application/json,pop.json
Pop,/pop_order_lines/{lineId}/pop_linked_requisition_lines,GET,GetPOPLinkedRequisitionLinesForPOPLine,POP Linked Requisition Lines For A Single POP Order Line,POP Linked Requisition Lines,POP linked requisition lines for a single POP order line,,https://api.columbus.sage.com/uk/sage200extra/accounts/v1/pop_order_lines/{lineId}/pop_linked_requisition_lines,,application/json,pop.json
Pop,/pop_order_return_invoice_credit_views,GET,GetPOPOrderReturnInvoiceCreditViews,POP Order Return Invoice Credit Views,POP Order Return Invoice Credit Views,POP Order Return Invoice Credit views,,https://api.columbus.sage.com/uk/sage200extra/accounts/v1/pop_order_return_invoice_credit_views,,application/json,pop.json
Pop,/pop_order_return_line_invoice_credit_views,GET,GetPOPOrderReturnLineInvoiceViews,Purchase Order Return Line Invoice Credit Views,POP Order Return Line Invoice Credit Views,Purchase Order Return Line Invoice Credit Views,,https://api.columbus.sage.com/uk/sage200extra/accounts/v1/pop_order_return_line_invoice_credit_views,,application/json,pop.json
Pop,/pop_order_return_line_receipt_return_views,GET,GetPOPOrderReturnLineReceiptReturnViews,Purchase Order Return Line Receipt Return Views,POP Order Return Line Receipt Return Views,Purchase Order Return Line Receipt Return Views,,https://api.columbus.sage.com/uk/sage200extra/accounts/v1/pop_order_return_line_receipt_return_views,,application/json,pop.json
Pop,/pop_order_return_views,GET,GetPOPOrderReturnViews,POP Order Return Views,POP Order Return Views,POP Order Return views,,https://api.columbus.sage.com/uk/sage200extra/accounts/v1/pop_order_return_views,,application/json,pop.json
Pop,/pop_orders,GET,GetPOPOrders,Purchase Orders,POP Orders,Purchase orders,,https://api.columbus.sage.com/uk/sage200extra/accounts/v1/pop_orders,,application/json,pop.json
Pop,/pop_orders,POST,PostPOPOrder,Purchase Orders,POP Orders,Purchase orders,,https://api.columbus.sage.com/uk/sage200extra/accounts/v1/pop_orders,application/json,application/json,pop.json
Pop,/pop_orders/{Id},DELETE,DeletePOPOrder,Purchase Order,POP Orders,Purchase order,,https://api.columbus.sage.com/uk/sage200extra/accounts/v1/pop_orders/{Id},,application/json,pop.json
Pop,/pop_orders/{Id},GET,GetPOPOrder,Purchase Order,POP Orders,Purchase order,,https://api.columbus.sage.com/uk/sage200extra/accounts/v1/pop_orders/{Id},,application/json,pop.json
Pop,/pop_orders/{Id},PUT,PutPOPOrder,Purchase Order,POP Orders,Purchase order,,https://api.columbus.sage.com/uk/sage200extra/accounts/v1/pop_orders/{Id},application/json,application/json,pop.json
Pop,/pop_orders/{popOrderId}/pop_order_lines,GET,GetPOPOrderLines,Purchase Order Lines,POP Order Lines,Purchase order lines,,https://api.columbus.sage.com/uk/sage200extra/accounts/v1/pop_orders/{popOrderId}/pop_order_lines,,application/json,pop.json
Pop,/pop_orders_duplicate,POST,PostPOPOrdersDuplicate,Duplicate Purchase Order,POP Orders Duplicate,Duplicate purchase order,,https://api.columbus.sage.com/uk/sage200extra/accounts/v1/pop_orders_duplicate,application/json,application/json,pop.json
Pop,/pop_orders_new,POST,PostPOPOrdersNew,New Purchase Order With Defaults,POP Orders,New purchase order with defaults,,https://api.columbus.sage.com/uk/sage200extra/accounts/v1/pop_orders_new,application/json,application/json,pop.json
Pop,/pop_orders_new/{Id},PUT,PutPOPOrderNew,New Purchase Order With Defaults,POP Orders,New purchase order with defaults,,https://api.columbus.sage.com/uk/sage200extra/accounts/v1/pop_orders_new/{Id},application/json,application/json,pop.json
Pop,/pop_requisition_fulfilment_line_views,GET,GetPOPRequisitionFulfilmentLineViews,POP Requisition Fulfilment Line Views,POP Requisition Fulfilment Line Views,POP requisition fulfilment line views,,https://api.columbus.sage.com/uk/sage200extra/accounts/v1/pop_requisition_fulfilment_line_views,,application/json,pop.json
Pop,/pop_requisition_fulfilment_lines,GET,GetPOPRequisitionFulfilmentLines,POP Requisition Fulfilment Lines,POP Requisition Fulfilment Lines,POP requisition fulfilment lines,,https://api.columbus.sage.com/uk/sage200extra/accounts/v1/pop_requisition_fulfilment_lines,,application/json,pop.json
Pop,/pop_requisition_fulfilment_lines/{Id},GET,GetPOPRequisitionFulfilmentLine,POP Requisition Fulfilment Line,POP Requisition Fulfilment Lines,POP requisition fulfilment line,,https://api.columbus.sage.com/uk/sage200extra/accounts/v1/pop_requisition_fulfilment_lines/{Id},,application/json,pop.json
Pop,/pop_settings,GET,GetPOPSettings,POP Settings,POP Settings,POP settings,,https://api.columbus.sage.com/uk/sage200extra/accounts/v1/pop_settings,,application/json,pop.json
Pop,/pop_settings/{Id},GET,GetPOPSetting,POP Setting,POP Settings,POP setting,,https://api.columbus.sage.com/uk/sage200extra/accounts/v1/pop_settings/{Id},,application/json,pop.json
Pop,/pop_trade_line_status_types,GET,GetPOPTradeLineStatusTypes,Trade Line Status Types,POP Trade Line Status Types,Trade line status types,,https://api.columbus.sage.com/uk/sage200extra/accounts/v1/pop_trade_line_status_types,,application/json,pop.json
Pop,/suppliers/{supplierId}/pop_orders,GET,GetPOPOrdersForSupplier,Purchase Orders For A Supplier,POP Orders,Purchase orders for a supplier,,https://api.columbus.sage.com/uk/sage200extra/accounts/v1/suppliers/{supplierId}/pop_orders,,application/json,pop.json
Price Book,/customer_discount_groups,GET,GetCustomerDiscountGroups,Customer Discount Groups,Customer Discount Groups,Customer Discount Groups,,https://api.columbus.sage.com/uk/sage200extra/accounts/v1/customer_discount_groups,,application/json,price-book.json
Price Book,/customer_discount_groups/{Id},GET,GetCustomerDiscountGroup,Customer Discount Group,Customer Discount Groups,Customer Discount Group,,https://api.columbus.sage.com/uk/sage200extra/accounts/v1/customer_discount_groups/{Id},,application/json,price-book.json
Price Book,/customer_price_bands,GET,GetCustomerPriceBands,Customer Price Bands,Customer Price Bands,Customer price bands,,https://api.columbus.sage.com/uk/sage200extra/accounts/v1/customer_price_bands,,application/json,price-book.json
Price Book,/customer_price_bands/{Id},GET,GetCustomerPriceBand,Customer Price Band,Customer Price Bands,Customer price band,,https://api.columbus.sage.com/uk/sage200extra/accounts/v1/customer_price_bands/{Id},,application/json,price-book.json
Price Book,/discount_or_surcharge_types,GET,GetDiscountOrSurchargeTypes,Discount Or Surcharge Types,Discount Or Surcharge Types,Discount or surcharge types,,https://api.columbus.sage.com/uk/sage200extra/accounts/v1/discount_or_surcharge_types,,application/json,price-book.json
Price Book,/flat_rate_or_quantity_break_types,GET,GetFlatRateOrQuantityBreakTypes,Flat Rate Or Quantity Break Types,Flat Rate Or Quantity Break Types,Flat rate or quantity break types,,https://api.columbus.sage.com/uk/sage200extra/accounts/v1/flat_rate_or_quantity_break_types,,application/json,price-book.json
Price Book,/order_value_discounts,GET,GetOrderValueDiscounts,Order Value Discounts,Order Value Discounts,Order Value Discounts,,https://api.columbus.sage.com/uk/sage200extra/accounts/v1/order_value_discounts,,application/json,price-book.json
Price Book,/order_value_discounts/{Id},GET,GetOrderValueDiscount,Order Value Discount,Order Value Discounts,Order Value Discount,,https://api.columbus.sage.com/uk/sage200extra/accounts/v1/order_value_discounts/{Id},,application/json,price-book.json
Price Book,/price_band_types,GET,GetPriceBandTypes,Price Band Types,Price Band Types,Price band types,,https://api.columbus.sage.com/uk/sage200extra/accounts/v1/price_band_types,,application/json,price-book.json
Price Book,/price_bands,GET,GetPriceBands,Price Bands,Price Bands,Price bands,,https://api.columbus.sage.com/uk/sage200extra/accounts/v1/price_bands,,application/json,price-book.json
Price Book,/price_bands/{Id},GET,GetPriceBand,Price Band,Price Bands,Price band,,https://api.columbus.sage.com/uk/sage200extra/accounts/v1/price_bands/{Id},,application/json,price-book.json
Price Book,/price_book_settings,GET,GetPriceBookSettings,Price Book Settings,Price Book Settings,Price Book settings,,https://api.columbus.sage.com/uk/sage200extra/accounts/v1/price_book_settings,,application/json,price-book.json
Price Book,/price_book_settings/{Id},GET,GetPriceBookSetting,Price Book Setting,Price Book Settings,Price Book setting,,https://api.columbus.sage.com/uk/sage200extra/accounts/v1/price_book_settings/{Id},,application/json,price-book.json
Price Book,/pricing_types,GET,GetPricingTypes,Pricing Types,Pricing Types,Pricing types,,https://api.columbus.sage.com/uk/sage200extra/accounts/v1/pricing_types,,application/json,price-book.json
Price Book,/product_price_views,GET,GetProductPriceViews,Product Price Views,Product Price Views,Product price views,,https://api.columbus.sage.com/uk/sage200extra/accounts/v1/product_price_views,,application/json,price-book.json
Price Book,/source_of_price_types,GET,GetSourceOfPriceTypes,Source Of Price Types,Source Of Price Types,Source of price types,,https://api.columbus.sage.com/uk/sage200extra/accounts/v1/source_of_price_types,,application/json,price-book.json
Purchases,/authorisation_types,GET,GetAuthorisationTypes,Authorisation Types,Authorisation Types,Authorisation Types,,https://api.columbus.sage.com/uk/sage200extra/accounts/v1/authorisation_types,,application/json,purchases.json
Purchases,/factor_houses,GET,GetFactorHouses,Factor Houses,Factor Houses,Factor houses,,https://api.columbus.sage.com/uk/sage200extra/accounts/v1/factor_houses,,application/json,purchases.json
Purchases,/factor_houses/{Id},GET,GetFactorHouse,Factor House,Factor Houses,Factor house,,https://api.columbus.sage.com/uk/sage200extra/accounts/v1/factor_houses/{Id},,application/json,purchases.json
Purchases,/lookup_suppliers,GET,GetLookupSuppliers,Lookup Suppliers,Lookup Suppliers,Lookup Suppliers,,https://api.columbus.sage.com/uk/sage200extra/accounts/v1/lookup_suppliers,,application/json,purchases.json
Purchases,/payment_groups,GET,GetPaymentGroups,Payment Groups,Payment Groups,Payment groups,,https://api.columbus.sage.com/uk/sage200extra/accounts/v1/payment_groups,,application/json,purchases.json
Purchases,/payment_groups/{Id},GET,GetPaymentGroup,Payment Group,Payment Groups,Payment group,,https://api.columbus.sage.com/uk/sage200extra/accounts/v1/payment_groups/{Id},,application/json,purchases.json
Purchases,/payment_groups/{Id},PUT,PutPaymentGroup,Payment Group,Payment Groups,Payment group,,https://api.columbus.sage.com/uk/sage200extra/accounts/v1/payment_groups/{Id},application/json,application/json,purchases.json
Purchases,/payment_types,GET,GetPaymentGroupPaymentTypes,Payment Group Payment Types,Payment Types,Payment group payment types,,https://api.columbus.sage.com/uk/sage200extra/accounts/v1/payment_types,,application/json,purchases.json
Purchases,/purchase_aged_creditor_detailed_views,GET,GetPurchaseAgedCreditorDetailedViews,Purchase Aged Creditor Detailed Views,Purchase Aged Creditor Detailed Views,Purchase aged creditor detailed views,,https://api.columbus.sage.com/uk/sage200extra/accounts/v1/purchase_aged_creditor_detailed_views,,application/json,purchases.json
Purchases,/purchase_aged_creditor_summary_views,GET,GetPurchaseAgedCreditorSummaryViews,Purchase Aged Creditor Summary Views,Purchase Aged Creditor Summary Views,Purchase aged creditor summary views,,https://api.columbus.sage.com/uk/sage200extra/accounts/v1/purchase_aged_creditor_summary_views,,application/json,purchases.json
Purchases,/purchase_authorisations/{Id},GET,GetPurchaseAuthorisation,Purchase Authorisation,Purchase Authorisations,Purchase Authorisation,,https://api.columbus.sage.com/uk/sage200extra/accounts/v1/purchase_authorisations/{Id},,application/json,purchases.json
Purchases,/purchase_authorisations/{Id},PUT,PutPurchaseAuthorisation,Purchase Authorisation,Purchase Authorisations,Purchase Authorisation,,https://api.columbus.sage.com/uk/sage200extra/accounts/v1/purchase_authorisations/{Id},application/json,application/json,purchases.json
Purchases,/purchase_credit_notes,POST,PostPurchaseCreditNote,Purchase Credit Notes,Purchase Credit Notes,Purchase credit notes,,https://api.columbus.sage.com/uk/sage200extra/accounts/v1/purchase_credit_notes,application/json,application/json,purchases.json
Purchases,/purchase_credit_notes_new,POST,PostPurchaseCreditNotesNew,Purchase Credit Notes New,Purchase Credit Notes,Purchase Credit Notes New,,https://api.columbus.sage.com/uk/sage200extra/accounts/v1/purchase_credit_notes_new,application/json,application/json,purchases.json
Purchases,/purchase_invoices,POST,PostPurchaseInvoice,Purchase Invoices,Purchase Invoices,Purchase invoices,,https://api.columbus.sage.com/uk/sage200extra/accounts/v1/purchase_invoices,application/json,application/json,purchases.json
Purchases,/purchase_invoices_new,POST,PostPurchaseInvoicesNew,Purchase Invoices New,Purchase Invoices,Purchase Invoices New,,https://api.columbus.sage.com/uk/sage200extra/accounts/v1/purchase_invoices_new,application/json,application/json,purchases.json
Purchases,/purchase_ledger_settings,GET,GetPurchaseLedgerSettings,Purchase Ledger Settings,Purchase Ledger Settings,Purchase Ledger settings,,https://api.columbus.sage.com/uk/sage200extra/accounts/v1/purchase_ledger_settings,,application/json,purchases.json
Purchases,/purchase_ledger_settings/{Id},GET,GetPurchaseLedgerSetting,Purchase Ledger Setting,Purchase Ledger Settings,Purchase Ledger setting,,https://api.columbus.sage.com/uk/sage200extra/accounts/v1/purchase_ledger_settings/{Id},,application/json,purchases.json
Purchases,/purchase_ledger_settings/{Id},PUT,PutPurchaseLedgerSetting,Purchase Ledger Setting,Purchase Ledger Settings,Purchase Ledger setting,,https://api.columbus.sage.com/uk/sage200extra/accounts/v1/purchase_ledger_settings/{Id},application/json,application/json,purchases.json
Purchases,/purchase_payments,POST,PostPurchasePayment,Purchase Payments,Purchase Payments,Purchase Payments,,https://api.columbus.sage.com/uk/sage200extra/accounts/v1/purchase_payments,application/json,application/json,purchases.json
Purchases,/purchase_posted_transaction_memos,GET,GetPurchasePostedTransactionMemos,Purchase Posted Transaction Memos,Purchase Posted Transaction Memos,Purchase posted transaction memos,,https://api.columbus.sage.com/uk/sage200extra/accounts/v1/purchase_posted_transaction_memos,,application/json,purchases.json
Purchases,/purchase_posted_transaction_memos,POST,PostPurchasePostedTransactionMemo,Purchase Posted Transaction Memos,Purchase Posted Transaction Memos,Purchase posted transaction memos,,https://api.columbus.sage.com/uk/sage200extra/accounts/v1/purchase_posted_transaction_memos,application/json,application/json,purchases.json
Purchases,/purchase_posted_transaction_memos/{Id},DELETE,DeletePurchasePostedTransactionMemo,Purchase Posted Transaction Memo,Purchase Posted Transaction Memos,Purchase posted transaction memo,,https://api.columbus.sage.com/uk/sage200extra/accounts/v1/purchase_posted_transaction_memos/{Id},,application/json,purchases.json
Purchases,/purchase_posted_transaction_memos/{Id},GET,GetPurchasePostedTransactionMemo,Purchase Posted Transaction Memo,Purchase Posted Transaction Memos,Purchase posted transaction memo,,https://api.columbus.sage.com/uk/sage200extra/accounts/v1/purchase_posted_transaction_memos/{Id},,application/json,purchases.json
Purchases,/purchase_posted_transaction_memos/{Id},PUT,PutPurchasePostedTransactionMemo,Purchase Posted Transaction Memo,Purchase Posted Transaction Memos,Purchase posted transaction memo,,https://api.columbus.sage.com/uk/sage200extra/accounts/v1/purchase_posted_transaction_memos/{Id},application/json,application/json,purchases.json
Purchases,/purchase_posted_transactions,GET,GetPurchasePostedTransactions,Purchase Posted Transactions,Purchase Posted Transactions,Purchase posted transactions,,https://api.columbus.sage.com/uk/sage200extra/accounts/v1/purchase_posted_transactions,,application/json,purchases.json
Purchases,/purchase_posted_transactions/{Id},GET,GetPurchasePostedTransaction,Purchase Posted Transaction,Purchase Posted Transactions,Purchase posted transaction,,https://api.columbus.sage.com/uk/sage200extra/accounts/v1/purchase_posted_transactions/{Id},,application/json,purchases.json
Purchases,/purchase_posted_transactions/{Id},PUT,PutPurchasePostedTransaction,Purchase Posted Transaction,Purchase Posted Transactions,Purchase posted transaction,,https://api.columbus.sage.com/uk/sage200extra/accounts/v1/purchase_posted_transactions/{Id},application/json,application/json,purchases.json
Purchases,/purchase_posted_transactions/{transactionId}/purchase_posted_transaction_memos,GET,GetMemosForPurchasePostedTransaction,Purchase Posted Transaction Memos For Purchase Posted Transaction,Purchase Posted Transaction Memos,Purchase posted transaction memos for purchase posted transaction,,https://api.columbus.sage.com/uk/sage200extra/accounts/v1/purchase_posted_transactions/{transactionId}/purchase_posted_transaction_memos,,application/json,purchases.json
Purchases,/purchase_receipts,POST,PostPurchaseReceipt,Purchase Receipts,Purchase Receipts,Purchase Receipts,,https://api.columbus.sage.com/uk/sage200extra/accounts/v1/purchase_receipts,application/json,application/json,purchases.json
Purchases,/purchase_trading_periods,GET,GetPurchaseTradingPeriods,Purchase Trading Periods,Purchase Trading Periods,Purchase trading periods,TRUE,https://api.columbus.sage.com/uk/sage200extra/accounts/v1/purchase_trading_periods,,application/json,purchases.json
Purchases,/purchase_trading_periods/{Id},GET,GetPurchaseTradingPeriod,Purchase Trading Period,Purchase Trading Periods,Purchase trading period,TRUE,https://api.columbus.sage.com/uk/sage200extra/accounts/v1/purchase_trading_periods/{Id},,application/json,purchases.json
Purchases,/purchase_transaction_enquiry_views,GET,GetPurchaseTransactionEnquiryViews,Purchase Transaction Enquiry Views,Purchase Transaction Enquiry Views,Purchase transaction enquiry views,,https://api.columbus.sage.com/uk/sage200extra/accounts/v1/purchase_transaction_enquiry_views,,application/json,purchases.json
Purchases,/purchase_transaction_enquiry_views/{Id},GET,GetPurchaseTransactionEnquiryView,Purchase Transaction Enquiry View,Purchase Transaction Enquiry Views,Purchase transaction enquiry view,,https://api.columbus.sage.com/uk/sage200extra/accounts/v1/purchase_transaction_enquiry_views/{Id},,application/json,purchases.json
Purchases,/purchase_transaction_views,GET,GetPurchaseTransactionViews,Purchase Transaction Views,Purchase Transaction Views,Purchase transaction views,,https://api.columbus.sage.com/uk/sage200extra/accounts/v1/purchase_transaction_views,,application/json,purchases.json
Purchases,/sage_payments_supplier_status_types,GET,GetSagePaymentsSupplierStatusTypes,Sage Payments Supplier Status Types,Sage Payments Supplier Status Types,Sage Payments Supplier Status Types,,https://api.columbus.sage.com/uk/sage200extra/accounts/v1/sage_payments_supplier_status_types,,application/json,purchases.json
Purchases,/supplier_contact_roles,GET,GetSupplierContactRoles,Supplier Contact Roles,Supplier Contact Roles,Supplier contact roles,,https://api.columbus.sage.com/uk/sage200extra/accounts/v1/supplier_contact_roles,,application/json,purchases.json
Purchases,/supplier_contact_roles/{Id},GET,GetSupplierContactRole,Supplier Contact Role,Supplier Contact Roles,Supplier contact role,,https://api.columbus.sage.com/uk/sage200extra/accounts/v1/supplier_contact_roles/{Id},,application/json,purchases.json
Purchases,/supplier_contacts,GET,GetSupplierContact,Supplier Contacts,Supplier Contacts,Supplier contacts,,https://api.columbus.sage.com/uk/sage200extra/accounts/v1/supplier_contacts,,application/json,purchases.json
Purchases,/supplier_contacts/{Id},DELETE,DeleteSupplierContact,Supplier Contact,Supplier Contacts,Supplier contact,,https://api.columbus.sage.com/uk/sage200extra/accounts/v1/supplier_contacts/{Id},,application/json,purchases.json
Purchases,/supplier_contacts/{Id},GET,GetSupplierContacts,Supplier Contact,Supplier Contacts,Supplier contact,,https://api.columbus.sage.com/uk/sage200extra/accounts/v1/supplier_contacts/{Id},,application/json,purchases.json
Purchases,/supplier_contacts/{Id},PUT,PutSupplierContact,Supplier Contact,Supplier Contacts,Supplier contact,,https://api.columbus.sage.com/uk/sage200extra/accounts/v1/supplier_contacts/{Id},application/json,application/json,purchases.json
Purchases,/supplier_contacts/{supplierContactId}/supplier_contact_roles,GET,GetSupplierContactRolesForSupplierContact,Supplier Contact Roles By Contact,Supplier Contact Roles,Supplier contact roles by contact,,https://api.columbus.sage.com/uk/sage200extra/accounts/v1/supplier_contacts/{supplierContactId}/supplier_contact_roles,,application/json,purchases.json
Purchases,/supplier_contacts/{supplierContactId}/supplier_emails,GET,GetSupplierEmailsForSupplierContact,Supplier Emails By Contact,Supplier Emails,Supplier emails by contact,,https://api.columbus.sage.com/uk/sage200extra/accounts/v1/supplier_contacts/{supplierContactId}/supplier_emails,,application/json,purchases.json
Purchases,/supplier_contacts/{supplierContactId}/supplier_emails,POST,PostSupplierEmailForSupplierContact,Supplier Emails By Contact,Supplier Emails,Supplier emails by contact,,https://api.columbus.sage.com/uk/sage200extra/accounts/v1/supplier_contacts/{supplierContactId}/supplier_emails,application/json,application/json,purchases.json
Purchases,/supplier_contacts/{supplierContactId}/supplier_emails/{Id},DELETE,DeleteSupplierEmailForSupplierContact,Supplier Email For Supplier Contact,Supplier Emails,Supplier email for supplier contact,,https://api.columbus.sage.com/uk/sage200extra/accounts/v1/supplier_contacts/{supplierContactId}/supplier_emails/{Id},,application/json,purchases.json
Purchases,/supplier_contacts/{supplierContactId}/supplier_emails/{Id},GET,GetSupplierEmailForSupplierContact,Supplier Email For Supplier Contact,Supplier Emails,Supplier email for supplier contact,,https://api.columbus.sage.com/uk/sage200extra/accounts/v1/supplier_contacts/{supplierContactId}/supplier_emails/{Id},,application/json,purchases.json
Purchases,/supplier_contacts/{supplierContactId}/supplier_emails/{Id},PUT,PutSupplierEmailForSupplierContact,Supplier Email For Supplier Contact,Supplier Emails,Supplier email for supplier contact,,https://api.columbus.sage.com/uk/sage200extra/accounts/v1/supplier_contacts/{supplierContactId}/supplier_emails/{Id},application/json,application/json,purchases.json
Purchases,/supplier_contacts/{supplierContactId}/supplier_faxes,GET,GetSupplierFaxesForSupplierContact,Supplier Faxes By Contact,Supplier Faxes,Supplier faxes by contact,,https://api.columbus.sage.com/uk/sage200extra/accounts/v1/supplier_contacts/{supplierContactId}/supplier_faxes,,application/json,purchases.json
Purchases,/supplier_contacts/{supplierContactId}/supplier_faxes,POST,PostSupplierFaxForSupplierContact,Supplier Faxes By Contact,Supplier Faxes,Supplier faxes by contact,,https://api.columbus.sage.com/uk/sage200extra/accounts/v1/supplier_contacts/{supplierContactId}/supplier_faxes,application/json,application/json,purchases.json
Purchases,/supplier_contacts/{supplierContactId}/supplier_faxes/{Id},DELETE,DeleteSupplierFaxForSupplierContact,Supplier Fax For Supplier Contact,Supplier Faxes,Supplier fax for supplier contact,,https://api.columbus.sage.com/uk/sage200extra/accounts/v1/supplier_contacts/{supplierContactId}/supplier_faxes/{Id},,application/json,purchases.json
Purchases,/supplier_contacts/{supplierContactId}/supplier_faxes/{Id},GET,GetSupplierFaxForSupplierContact,Supplier Fax For Supplier Contact,Supplier Faxes,Supplier fax for supplier contact,,https://api.columbus.sage.com/uk/sage200extra/accounts/v1/supplier_contacts/{supplierContactId}/supplier_faxes/{Id},,application/json,purchases.json
Purchases,/supplier_contacts/{supplierContactId}/supplier_faxes/{Id},PUT,PutSupplierFaxForSupplierContact,Supplier Fax For Supplier Contact,Supplier Faxes,Supplier fax for supplier contact,,https://api.columbus.sage.com/uk/sage200extra/accounts/v1/supplier_contacts/{supplierContactId}/supplier_faxes/{Id},application/json,application/json,purchases.json
Purchases,/supplier_contacts/{supplierContactId}/supplier_mobiles,GET,GetSupplierMobilesForSupplierContact,Supplier Mobiles By Contact,Supplier Mobiles,Supplier mobiles by contact,,https://api.columbus.sage.com/uk/sage200extra/accounts/v1/supplier_contacts/{supplierContactId}/supplier_mobiles,,application/json,purchases.json
Purchases,/supplier_contacts/{supplierContactId}/supplier_mobiles,POST,PostSupplierMobileForSupplierContact,Supplier Mobiles By Contact,Supplier Mobiles,Supplier mobiles by contact,,https://api.columbus.sage.com/uk/sage200extra/accounts/v1/supplier_contacts/{supplierContactId}/supplier_mobiles,application/json,application/json,purchases.json
Purchases,/supplier_contacts/{supplierContactId}/supplier_mobiles/{Id},DELETE,DeleteSupplierMobileForSupplierContact,Supplier Mobile For Supplier Contact,Supplier Mobiles,Supplier mobile for supplier contact,,https://api.columbus.sage.com/uk/sage200extra/accounts/v1/supplier_contacts/{supplierContactId}/supplier_mobiles/{Id},,application/json,purchases.json
Purchases,/supplier_contacts/{supplierContactId}/supplier_mobiles/{Id},GET,GetSupplierMobileForSupplierContact,Supplier Mobile For Supplier Contact,Supplier Mobiles,Supplier mobile for supplier contact,,https://api.columbus.sage.com/uk/sage200extra/accounts/v1/supplier_contacts/{supplierContactId}/supplier_mobiles/{Id},,application/json,purchases.json
Purchases,/supplier_contacts/{supplierContactId}/supplier_mobiles/{Id},PUT,PutSupplierMobileForSupplierContact,Supplier Mobile For Supplier Contact,Supplier Mobiles,Supplier mobile for supplier contact,,https://api.columbus.sage.com/uk/sage200extra/accounts/v1/supplier_contacts/{supplierContactId}/supplier_mobiles/{Id},application/json,application/json,purchases.json
Purchases,/supplier_contacts/{supplierContactId}/supplier_telephones,GET,GetSupplierTelephonesForSupplierContact,Supplier Telephones By Contact,Supplier Telephones,Supplier telephones by contact,,https://api.columbus.sage.com/uk/sage200extra/accounts/v1/supplier_contacts/{supplierContactId}/supplier_telephones,,application/json,purchases.json
Purchases,/supplier_contacts/{supplierContactId}/supplier_telephones,POST,PostSupplierTelephoneForSupplierContact,Supplier Telephones By Contact,Supplier Telephones,Supplier telephones by contact,,https://api.columbus.sage.com/uk/sage200extra/accounts/v1/supplier_contacts/{supplierContactId}/supplier_telephones,application/json,application/json,purchases.json
Purchases,/supplier_contacts/{supplierContactId}/supplier_telephones/{Id},DELETE,DeleteSupplierTelephoneForSupplierContact,Supplier Telephone For Supplier Contact,Supplier Telephones,Supplier telephone for supplier contact,,https://api.columbus.sage.com/uk/sage200extra/accounts/v1/supplier_contacts/{supplierContactId}/supplier_telephones/{Id},,application/json,purchases.json
Purchases,/supplier_contacts/{supplierContactId}/supplier_telephones/{Id},GET,GetSupplierTelephoneForSupplierContact,Supplier Telephone For Supplier Contact,Supplier Telephones,Supplier telephone for supplier contact,,https://api.columbus.sage.com/uk/sage200extra/accounts/v1/supplier_contacts/{supplierContactId}/supplier_telephones/{Id},,application/json,purchases.json
Purchases,/supplier_contacts/{supplierContactId}/supplier_telephones/{Id},PUT,PutSupplierTelephoneForSupplierContact,Supplier Telephone For Supplier Contact,Supplier Telephones,Supplier telephone for supplier contact,,https://api.columbus.sage.com/uk/sage200extra/accounts/v1/supplier_contacts/{supplierContactId}/supplier_telephones/{Id},application/json,application/json,purchases.json
Purchases,/supplier_contacts/{supplierContactId}/supplier_websites,GET,GetSupplierWebsitesForSupplierContact,Supplier Websites By Contact,Supplier Websites,Supplier websites by contact,,https://api.columbus.sage.com/uk/sage200extra/accounts/v1/supplier_contacts/{supplierContactId}/supplier_websites,,application/json,purchases.json
Purchases,/supplier_contacts/{supplierContactId}/supplier_websites,POST,PostSupplierWebsiteForSupplierContact,Supplier Websites By Contact,Supplier Websites,Supplier websites by contact,,https://api.columbus.sage.com/uk/sage200extra/accounts/v1/supplier_contacts/{supplierContactId}/supplier_websites,application/json,application/json,purchases.json
Purchases,/supplier_contacts/{supplierContactId}/supplier_websites/{Id},DELETE,DeleteSupplierWebsiteForSupplierContact,Supplier Website For Supplier Contact,Supplier Websites,Supplier website for supplier contact,,https://api.columbus.sage.com/uk/sage200extra/accounts/v1/supplier_contacts/{supplierContactId}/supplier_websites/{Id},,application/json,purchases.json
Purchases,/supplier_contacts/{supplierContactId}/supplier_websites/{Id},GET,GetSupplierWebsiteForSupplierContact,Supplier Website For Supplier Contact,Supplier Websites,Supplier website for supplier contact,,https://api.columbus.sage.com/uk/sage200extra/accounts/v1/supplier_contacts/{supplierContactId}/supplier_websites/{Id},,application/json,purchases.json
Purchases,/supplier_contacts/{supplierContactId}/supplier_websites/{Id},PUT,PutSupplierWebsiteForSupplierContact,Supplier Website For Supplier Contact,Supplier Websites,Supplier website for supplier contact,,https://api.columbus.sage.com/uk/sage200extra/accounts/v1/supplier_contacts/{supplierContactId}/supplier_websites/{Id},application/json,application/json,purchases.json
Purchases,/supplier_emails,GET,GetSupplierEmails,Supplier Emails,Supplier Emails,Supplier emails,,https://api.columbus.sage.com/uk/sage200extra/accounts/v1/supplier_emails,,application/json,purchases.json
Purchases,/supplier_emails/{Id},DELETE,DeleteSupplierEmail,Supplier Email,Supplier Emails,Supplier email,,https://api.columbus.sage.com/uk/sage200extra/accounts/v1/supplier_emails/{Id},,application/json,purchases.json
Purchases,/supplier_emails/{Id},GET,GetSupplierEmail,Supplier Email,Supplier Emails,Supplier email,,https://api.columbus.sage.com/uk/sage200extra/accounts/v1/supplier_emails/{Id},,application/json,purchases.json
Purchases,/supplier_emails/{Id},PUT,PutSupplierEmail,Supplier Email,Supplier Emails,Supplier email,,https://api.columbus.sage.com/uk/sage200extra/accounts/v1/supplier_emails/{Id},application/json,application/json,purchases.json
Purchases,/supplier_faxes,GET,GetSupplierFaxes,Supplier Faxes,Supplier Faxes,Supplier faxes,,https://api.columbus.sage.com/uk/sage200extra/accounts/v1/supplier_faxes,,application/json,purchases.json
Purchases,/supplier_faxes/{Id},DELETE,DeleteSupplierFax,Supplier Fax,Supplier Faxes,Supplier fax,,https://api.columbus.sage.com/uk/sage200extra/accounts/v1/supplier_faxes/{Id},,application/json,purchases.json
Purchases,/supplier_faxes/{Id},GET,GetSupplierFax,Supplier Fax,Supplier Faxes,Supplier fax,,https://api.columbus.sage.com/uk/sage200extra/accounts/v1/supplier_faxes/{Id},,application/json,purchases.json
Purchases,/supplier_faxes/{Id},PUT,PutSupplierFax,Supplier Fax,Supplier Faxes,Supplier fax,,https://api.columbus.sage.com/uk/sage200extra/accounts/v1/supplier_faxes/{Id},application/json,application/json,purchases.json
Purchases,/supplier_memos,GET,GetSupplierMemos,Supplier Memos,Supplier Memos,Supplier memos,,https://api.columbus.sage.com/uk/sage200extra/accounts/v1/supplier_memos,,application/json,purchases.json
Purchases,/supplier_memos,POST,PostSupplierMemo,Supplier Memos,Supplier Memos,Supplier memos,,https://api.columbus.sage.com/uk/sage200extra/accounts/v1/supplier_memos,application/json,application/json,purchases.json
Purchases,/supplier_memos/{Id},DELETE,DeleteSupplierMemo,Supplier Memo,Supplier Memos,Supplier memo,,https://api.columbus.sage.com/uk/sage200extra/accounts/v1/supplier_memos/{Id},,application/json,purchases.json
Purchases,/supplier_memos/{Id},GET,GetSupplierMemo,Supplier Memo,Supplier Memos,Supplier memo,,https://api.columbus.sage.com/uk/sage200extra/accounts/v1/supplier_memos/{Id},,application/json,purchases.json
Purchases,/supplier_memos/{Id},PUT,PutSupplierMemo,Supplier Memo,Supplier Memos,Supplier memo,,https://api.columbus.sage.com/uk/sage200extra/accounts/v1/supplier_memos/{Id},application/json,application/json,purchases.json
Purchases,/supplier_mobiles,GET,GetSupplierMobiles,Supplier Mobiles,Supplier Mobiles,Supplier mobiles,,https://api.columbus.sage.com/uk/sage200extra/accounts/v1/supplier_mobiles,,application/json,purchases.json
Purchases,/supplier_mobiles/{Id},DELETE,DeleteSupplierMobile,Supplier Mobile,Supplier Mobiles,Supplier mobile,,https://api.columbus.sage.com/uk/sage200extra/accounts/v1/supplier_mobiles/{Id},,application/json,purchases.json
Purchases,/supplier_mobiles/{Id},GET,GetSupplierMobile,Supplier Mobile,Supplier Mobiles,Supplier mobile,,https://api.columbus.sage.com/uk/sage200extra/accounts/v1/supplier_mobiles/{Id},,application/json,purchases.json
Purchases,/supplier_mobiles/{Id},PUT,PutSupplierMobile,Supplier Mobile,Supplier Mobiles,Supplier mobile,,https://api.columbus.sage.com/uk/sage200extra/accounts/v1/supplier_mobiles/{Id},application/json,application/json,purchases.json
Purchases,/supplier_period_value_views,GET,GetSupplierPeriodValueViews,Supplier Period Value Views,Supplier Period Value Views,Supplier period value views,,https://api.columbus.sage.com/uk/sage200extra/accounts/v1/supplier_period_value_views,,application/json,purchases.json
Purchases,/supplier_telephones,GET,GetSupplierTelephones,Supplier Telephones,Supplier Telephones,Supplier telephones,,https://api.columbus.sage.com/uk/sage200extra/accounts/v1/supplier_telephones,,application/json,purchases.json
Purchases,/supplier_telephones/{Id},DELETE,DeleteSupplierTelephone,Supplier Telephone,Supplier Telephones,Supplier telephone,,https://api.columbus.sage.com/uk/sage200extra/accounts/v1/supplier_telephones/{Id},,application/json,purchases.json
Purchases,/supplier_telephones/{Id},GET,GetSupplierTelephone,Supplier Telephone,Supplier Telephones,Supplier telephone,,https://api.columbus.sage.com/uk/sage200extra/accounts/v1/supplier_telephones/{Id},,application/json,purchases.json
Purchases,/supplier_telephones/{Id},PUT,PutSupplierTelephone,Supplier Telephone,Supplier Telephones,Supplier telephone,,https://api.columbus.sage.com/uk/sage200extra/accounts/v1/supplier_telephones/{Id},application/json,application/json,purchases.json
Purchases,/supplier_views,GET,GetSupplierViews,Supplier Views,Supplier Views,Supplier views,,https://api.columbus.sage.com/uk/sage200extra/accounts/v1/supplier_views,,application/json,purchases.json
Purchases,/supplier_websites,GET,GetSupplierWebsites,Supplier Websites,Supplier Websites,Supplier websites,,https://api.columbus.sage.com/uk/sage200extra/accounts/v1/supplier_websites,,application/json,purchases.json
Purchases,/supplier_websites/{Id},DELETE,DeleteSupplierWebsite,Supplier Website,Supplier Websites,Supplier website,,https://api.columbus.sage.com/uk/sage200extra/accounts/v1/supplier_websites/{Id},,application/json,purchases.json
Purchases,/supplier_websites/{Id},GET,GetSupplierWebsite,Supplier Website,Supplier Websites,Supplier website,,https://api.columbus.sage.com/uk/sage200extra/accounts/v1/supplier_websites/{Id},,application/json,purchases.json
Purchases,/supplier_websites/{Id},PUT,PutSupplierWebsite,Supplier Website,Supplier Websites,Supplier website,,https://api.columbus.sage.com/uk/sage200extra/accounts/v1/supplier_websites/{Id},application/json,application/json,purchases.json
Purchases,/supplier_year_value_views,GET,GetSupplierYearValueViews,Supplier Year Value Views,Supplier Year Value Views,Supplier year value views,,https://api.columbus.sage.com/uk/sage200extra/accounts/v1/supplier_year_value_views,,application/json,purchases.json
Purchases,/suppliers,GET,GetSuppliers,Suppliers,Suppliers,Suppliers,,https://api.columbus.sage.com/uk/sage200extra/accounts/v1/suppliers,,application/json,purchases.json
Purchases,/suppliers,POST,PostSupplier,Suppliers,Suppliers,Suppliers,,https://api.columbus.sage.com/uk/sage200extra/accounts/v1/suppliers,application/json,application/json,purchases.json
Purchases,/suppliers/{Id},DELETE,DeleteSupplier,Supplier,Suppliers,Supplier,,https://api.columbus.sage.com/uk/sage200extra/accounts/v1/suppliers/{Id},,application/json,purchases.json
Purchases,/suppliers/{Id},GET,GetSupplier,Supplier,Suppliers,Supplier,,https://api.columbus.sage.com/uk/sage200extra/accounts/v1/suppliers/{Id},,application/json,purchases.json
Purchases,/suppliers/{Id},PUT,PutSupplier,Supplier,Suppliers,Supplier,,https://api.columbus.sage.com/uk/sage200extra/accounts/v1/suppliers/{Id},application/json,application/json,purchases.json
Purchases,/suppliers/{supplierId}/purchase_posted_transactions,GET,GetPurchasePostedTransactionsForSupplier,Purchase Posted Transactions For Supplier,Purchase Posted Transactions,Purchase posted transactions for supplier,,https://api.columbus.sage.com/uk/sage200extra/accounts/v1/suppliers/{supplierId}/purchase_posted_transactions,,application/json,purchases.json
Purchases,/suppliers/{supplierId}/purchase_transaction_enquiry_views,GET,GetPurchaseTransactionsEnquiryViewsForSupplier,Purchase Transaction Enquiry Views Transactions For Supplier,Purchase Transaction Enquiry Views,Purchase transaction enquiry views transactions for Supplier,,https://api.columbus.sage.com/uk/sage200extra/accounts/v1/suppliers/{supplierId}/purchase_transaction_enquiry_views,,application/json,purchases.json
Purchases,/suppliers/{supplierId}/supplier_contacts,GET,GetSupplierContactsForSupplier,Supplier Contacts For Supplier,Supplier Contacts,Supplier contacts for supplier,,https://api.columbus.sage.com/uk/sage200extra/accounts/v1/suppliers/{supplierId}/supplier_contacts,,application/json,purchases.json
Purchases,/suppliers/{supplierId}/supplier_contacts,POST,PostSupplierContactForSupplier,Supplier Contacts For Supplier,Supplier Contacts,Supplier contacts for supplier,,https://api.columbus.sage.com/uk/sage200extra/accounts/v1/suppliers/{supplierId}/supplier_contacts,application/json,application/json,purchases.json
Purchases,/suppliers/{supplierId}/supplier_contacts/{Id},DELETE,DeleteSupplierContactForSupplier,Supplier Contact For Supplier,Supplier Contacts,Supplier contact for supplier,,https://api.columbus.sage.com/uk/sage200extra/accounts/v1/suppliers/{supplierId}/supplier_contacts/{Id},,application/json,purchases.json
Purchases,/suppliers/{supplierId}/supplier_contacts/{Id},GET,GetSupplierContactForSupplier,Supplier Contact For Supplier,Supplier Contacts,Supplier contact for supplier,,https://api.columbus.sage.com/uk/sage200extra/accounts/v1/suppliers/{supplierId}/supplier_contacts/{Id},,application/json,purchases.json
Purchases,/suppliers/{supplierId}/supplier_contacts/{Id},PUT,PutSupplierContactForSupplier,Supplier Contact For Supplier,Supplier Contacts,Supplier contact for supplier,,https://api.columbus.sage.com/uk/sage200extra/accounts/v1/suppliers/{supplierId}/supplier_contacts/{Id},application/json,application/json,purchases.json
Purchases,/suppliers/{supplierId}/supplier_contacts/{supplierContactId}/supplier_emails,GET,GetSupplierEmailsForSupplierAndSupplierContact,Supplier Emails For Supplier And Supplier Contact,Supplier Emails,Supplier emails for supplier and supplier contact,,https://api.columbus.sage.com/uk/sage200extra/accounts/v1/suppliers/{supplierId}/supplier_contacts/{supplierContactId}/supplier_emails,,application/json,purchases.json
Purchases,/suppliers/{supplierId}/supplier_contacts/{supplierContactId}/supplier_emails,POST,PostSupplierEmailForSupplierAndSupplierContact,Supplier Emails For Supplier And Supplier Contact,Supplier Emails,Supplier emails for supplier and supplier contact,,https://api.columbus.sage.com/uk/sage200extra/accounts/v1/suppliers/{supplierId}/supplier_contacts/{supplierContactId}/supplier_emails,application/json,application/json,purchases.json
Purchases,/suppliers/{supplierId}/supplier_contacts/{supplierContactId}/supplier_emails/{Id},DELETE,DeleteSupplierEmailForSupplierAndSupplierContact,Supplier Email For Supplier And Supplier Contact,Supplier Emails,Supplier email for supplier and supplier contact,,https://api.columbus.sage.com/uk/sage200extra/accounts/v1/suppliers/{supplierId}/supplier_contacts/{supplierContactId}/supplier_emails/{Id},,application/json,purchases.json
Purchases,/suppliers/{supplierId}/supplier_contacts/{supplierContactId}/supplier_emails/{Id},GET,GetSupplierEmailForSupplierAndSupplierContact,Supplier Email For Supplier And Supplier Contact,Supplier Emails,Supplier email for supplier and supplier contact,,https://api.columbus.sage.com/uk/sage200extra/accounts/v1/suppliers/{supplierId}/supplier_contacts/{supplierContactId}/supplier_emails/{Id},,application/json,purchases.json
Purchases,/suppliers/{supplierId}/supplier_contacts/{supplierContactId}/supplier_emails/{Id},PUT,PutSupplierEmailForSupplierAndSupplierContact,Supplier Email For Supplier And Supplier Contact,Supplier Emails,Supplier email for supplier and supplier contact,,https://api.columbus.sage.com/uk/sage200extra/accounts/v1/suppliers/{supplierId}/supplier_contacts/{supplierContactId}/supplier_emails/{Id},application/json,application/json,purchases.json
Purchases,/suppliers/{supplierId}/supplier_contacts/{supplierContactId}/supplier_faxes,GET,GetSupplierFaxesForSupplierAndSupplierContact,Supplier Faxes For Supplier And Supplier Contact,Supplier Faxes,Supplier faxes for supplier and supplier contact,,https://api.columbus.sage.com/uk/sage200extra/accounts/v1/suppliers/{supplierId}/supplier_contacts/{supplierContactId}/supplier_faxes,,application/json,purchases.json
Purchases,/suppliers/{supplierId}/supplier_contacts/{supplierContactId}/supplier_faxes,POST,PostSupplierFaxForSupplierAndSupplierContact,Supplier Faxes For Supplier And Supplier Contact,Supplier Faxes,Supplier faxes for supplier and supplier contact,,https://api.columbus.sage.com/uk/sage200extra/accounts/v1/suppliers/{supplierId}/supplier_contacts/{supplierContactId}/supplier_faxes,application/json,application/json,purchases.json
Purchases,/suppliers/{supplierId}/supplier_contacts/{supplierContactId}/supplier_faxes/{Id},DELETE,DeleteSupplierFaxForSupplierAndSupplierContact,Supplier Fax For Supplier And Supplier Contact,Supplier Faxes,Supplier fax for supplier and supplier contact,,https://api.columbus.sage.com/uk/sage200extra/accounts/v1/suppliers/{supplierId}/supplier_contacts/{supplierContactId}/supplier_faxes/{Id},,application/json,purchases.json
Purchases,/suppliers/{supplierId}/supplier_contacts/{supplierContactId}/supplier_faxes/{Id},GET,GetSupplierFaxForSupplierAndSupplierContact,Supplier Fax For Supplier And Supplier Contact,Supplier Faxes,Supplier fax for supplier and supplier contact,,https://api.columbus.sage.com/uk/sage200extra/accounts/v1/suppliers/{supplierId}/supplier_contacts/{supplierContactId}/supplier_faxes/{Id},,application/json,purchases.json
Purchases,/suppliers/{supplierId}/supplier_contacts/{supplierContactId}/supplier_faxes/{Id},PUT,PutSupplierFaxForSupplierAndSupplierContact,Supplier Fax For Supplier And Supplier Contact,Supplier Faxes,Supplier fax for supplier and supplier contact,,https://api.columbus.sage.com/uk/sage200extra/accounts/v1/suppliers/{supplierId}/supplier_contacts/{supplierContactId}/supplier_faxes/{Id},application/json,application/json,purchases.json
Purchases,/suppliers/{supplierId}/supplier_contacts/{supplierContactId}/supplier_mobiles,GET,GetSupplierMobilesForSupplierAndSupplierContact,Supplier Mobiles For Supplier And Supplier Contact,Supplier Mobiles,Supplier mobiles for supplier and supplier contact,,https://api.columbus.sage.com/uk/sage200extra/accounts/v1/suppliers/{supplierId}/supplier_contacts/{supplierContactId}/supplier_mobiles,,application/json,purchases.json
Purchases,/suppliers/{supplierId}/supplier_contacts/{supplierContactId}/supplier_mobiles,POST,PostSupplierMobileForSupplierAndSupplierContact,Supplier Mobiles For Supplier And Supplier Contact,Supplier Mobiles,Supplier mobiles for supplier and supplier contact,,https://api.columbus.sage.com/uk/sage200extra/accounts/v1/suppliers/{supplierId}/supplier_contacts/{supplierContactId}/supplier_mobiles,application/json,application/json,purchases.json
Purchases,/suppliers/{supplierId}/supplier_contacts/{supplierContactId}/supplier_mobiles/{Id},DELETE,DeleteSupplierMobileForSupplierAndSupplierContact,Supplier Mobile For Supplier And Supplier Contact,Supplier Mobiles,Supplier mobile for supplier and supplier contact,,https://api.columbus.sage.com/uk/sage200extra/accounts/v1/suppliers/{supplierId}/supplier_contacts/{supplierContactId}/supplier_mobiles/{Id},,application/json,purchases.json
Purchases,/suppliers/{supplierId}/supplier_contacts/{supplierContactId}/supplier_mobiles/{Id},GET,GetSupplierMobileForSupplierAndSupplierContact,Supplier Mobile For Supplier And Supplier Contact,Supplier Mobiles,Supplier mobile for supplier and supplier contact,,https://api.columbus.sage.com/uk/sage200extra/accounts/v1/suppliers/{supplierId}/supplier_contacts/{supplierContactId}/supplier_mobiles/{Id},,application/json,purchases.json
Purchases,/suppliers/{supplierId}/supplier_contacts/{supplierContactId}/supplier_mobiles/{Id},PUT,PutSupplierMobileForSupplierAndSupplierContact,Supplier Mobile For Supplier And Supplier Contact,Supplier Mobiles,Supplier mobile for supplier and supplier contact,,https://api.columbus.sage.com/uk/sage200extra/accounts/v1/suppliers/{supplierId}/supplier_contacts/{supplierContactId}/supplier_mobiles/{Id},application/json,application/json,purchases.json
Purchases,/suppliers/{supplierId}/supplier_contacts/{supplierContactId}/supplier_telephones,GET,GetSupplierTelephonesForSupplierAndSupplierContact,Supplier Telephones For Supplier And Supplier Contact,Supplier Telephones,Supplier telephones for supplier and supplier contact,,https://api.columbus.sage.com/uk/sage200extra/accounts/v1/suppliers/{supplierId}/supplier_contacts/{supplierContactId}/supplier_telephones,,application/json,purchases.json
Purchases,/suppliers/{supplierId}/supplier_contacts/{supplierContactId}/supplier_telephones,POST,PostSupplierTelephoneForSupplierAndSupplierContact,Supplier Telephones For Supplier And Supplier Contact,Supplier Telephones,Supplier telephones for supplier and supplier contact,,https://api.columbus.sage.com/uk/sage200extra/accounts/v1/suppliers/{supplierId}/supplier_contacts/{supplierContactId}/supplier_telephones,application/json,application/json,purchases.json
Purchases,/suppliers/{supplierId}/supplier_contacts/{supplierContactId}/supplier_telephones/{Id},DELETE,DeleteSupplierTelephoneForSupplierAndSupplierContact,Supplier Telephone For Supplier And Supplier Contact,Supplier Telephones,Supplier telephone for supplier and supplier contact,,https://api.columbus.sage.com/uk/sage200extra/accounts/v1/suppliers/{supplierId}/supplier_contacts/{supplierContactId}/supplier_telephones/{Id},,application/json,purchases.json
Purchases,/suppliers/{supplierId}/supplier_contacts/{supplierContactId}/supplier_telephones/{Id},GET,GetSupplierTelephoneForSupplierAndSupplierContact,Supplier Telephone For Supplier And Supplier Contact,Supplier Telephones,Supplier telephone for supplier and supplier contact,,https://api.columbus.sage.com/uk/sage200extra/accounts/v1/suppliers/{supplierId}/supplier_contacts/{supplierContactId}/supplier_telephones/{Id},,application/json,purchases.json
Purchases,/suppliers/{supplierId}/supplier_contacts/{supplierContactId}/supplier_telephones/{Id},PUT,PutSupplierTelephoneForSupplierAndSupplierContact,Supplier Telephone For Supplier And Supplier Contact,Supplier Telephones,Supplier telephone for supplier and supplier contact,,https://api.columbus.sage.com/uk/sage200extra/accounts/v1/suppliers/{supplierId}/supplier_contacts/{supplierContactId}/supplier_telephones/{Id},application/json,application/json,purchases.json
Purchases,/suppliers/{supplierId}/supplier_contacts/{supplierContactId}/supplier_websites,GET,GetSupplierWebsitesForSupplierAndSupplierContact,Supplier Websites For Supplier And Supplier Contact,Supplier Websites,Supplier websites for supplier and supplier contact,,https://api.columbus.sage.com/uk/sage200extra/accounts/v1/suppliers/{supplierId}/supplier_contacts/{supplierContactId}/supplier_websites,,application/json,purchases.json
Purchases,/suppliers/{supplierId}/supplier_contacts/{supplierContactId}/supplier_websites,POST,PostSupplierWebsiteForSupplierAndSupplierContact,Supplier Websites For Supplier And Supplier Contact,Supplier Websites,Supplier websites for supplier and supplier contact,,https://api.columbus.sage.com/uk/sage200extra/accounts/v1/suppliers/{supplierId}/supplier_contacts/{supplierContactId}/supplier_websites,application/json,application/json,purchases.json
Purchases,/suppliers/{supplierId}/supplier_contacts/{supplierContactId}/supplier_websites/{Id},DELETE,DeleteSupplierWebsiteForSupplierAndSupplierContact,Supplier Website For Supplier And Supplier Contact,Supplier Websites,Supplier website for supplier and supplier contact,,https://api.columbus.sage.com/uk/sage200extra/accounts/v1/suppliers/{supplierId}/supplier_contacts/{supplierContactId}/supplier_websites/{Id},,application/json,purchases.json
Purchases,/suppliers/{supplierId}/supplier_contacts/{supplierContactId}/supplier_websites/{Id},GET,GetSupplierWebsiteForSupplierAndSupplierContact,Supplier Website For Supplier And Supplier Contact,Supplier Websites,Supplier website for supplier and supplier contact,,https://api.columbus.sage.com/uk/sage200extra/accounts/v1/suppliers/{supplierId}/supplier_contacts/{supplierContactId}/supplier_websites/{Id},,application/json,purchases.json
Purchases,/suppliers/{supplierId}/supplier_contacts/{supplierContactId}/supplier_websites/{Id},PUT,PutSupplierWebsiteForSupplierAndSupplierContact,Supplier Website For Supplier And Supplier Contact,Supplier Websites,Supplier website for supplier and supplier contact,,https://api.columbus.sage.com/uk/sage200extra/accounts/v1/suppliers/{supplierId}/supplier_contacts/{supplierContactId}/supplier_websites/{Id},application/json,application/json,purchases.json
Purchases,/suppliers/{supplierId}/supplier_memos,GET,GetSupplierMemosForSupplier,Supplier Memos For A Supplier,Supplier Memos,Supplier memos for a supplier,,https://api.columbus.sage.com/uk/sage200extra/accounts/v1/suppliers/{supplierId}/supplier_memos,,application/json,purchases.json
Purchases,/suppliers_new,POST,PostSuppliersNew,New Supplier With Defaults,Suppliers,New supplier with defaults,,https://api.columbus.sage.com/uk/sage200extra/accounts/v1/suppliers_new,application/json,application/json,purchases.json
Sales,/customer_alerts,GET,GetCustomerAlerts,Customer Alert,Customer Alerts,Customer Alert,,https://api.columbus.sage.com/uk/sage200extra/accounts/v1/customer_alerts,,application/json,sales.json
Sales,/customer_alerts,POST,PostCustomerAlert,Customer Alert,Customer Alerts,Customer Alert,,https://api.columbus.sage.com/uk/sage200extra/accounts/v1/customer_alerts,application/json,application/json,sales.json
Sales,/customer_alerts/{Id},DELETE,DeleteCustomerAlert,Customer Alert,Customer Alerts,Customer Alert,,https://api.columbus.sage.com/uk/sage200extra/accounts/v1/customer_alerts/{Id},,application/json,sales.json
Sales,/customer_alerts/{Id},GET,GetCustomerAlert,Customer Alert,Customer Alerts,Customer Alert,,https://api.columbus.sage.com/uk/sage200extra/accounts/v1/customer_alerts/{Id},,application/json,sales.json
Sales,/customer_alerts/{Id},PUT,PutCustomerAlert,Customer Alert,Customer Alerts,Customer Alert,,https://api.columbus.sage.com/uk/sage200extra/accounts/v1/customer_alerts/{Id},application/json,application/json,sales.json
Sales,/customer_cards,GET,GetCustomerCards,Customer Cards,Customer Cards,Customer cards,,https://api.columbus.sage.com/uk/sage200extra/accounts/v1/customer_cards,,application/json,sales.json
Sales,/customer_cards/{Id},DELETE,DeleteCustomerCard,Customer Card,Customer Cards,Customer card,,https://api.columbus.sage.com/uk/sage200extra/accounts/v1/customer_cards/{Id},,application/json,sales.json
Sales,/customer_cards/{Id},GET,GetCustomerCard,Customer Card,Customer Cards,Customer card,,https://api.columbus.sage.com/uk/sage200extra/accounts/v1/customer_cards/{Id},,application/json,sales.json
Sales,/customer_cards/{Id},PUT,PutCustomerCard,Customer Card,Customer Cards,Customer card,,https://api.columbus.sage.com/uk/sage200extra/accounts/v1/customer_cards/{Id},application/json,application/json,sales.json
Sales,/customer_contact_roles,GET,GetCustomerContactRoles,Customer Contact Roles,Customer Contact Roles,Customer contact roles,,https://api.columbus.sage.com/uk/sage200extra/accounts/v1/customer_contact_roles,,application/json,sales.json
Sales,/customer_contact_roles/{Id},GET,GetCustomerContactRole,Customer Contact Role,Customer Contact Roles,Customer contact role,,https://api.columbus.sage.com/uk/sage200extra/accounts/v1/customer_contact_roles/{Id},,application/json,sales.json
Sales,/customer_contacts,GET,GetCustomerContact,Customer Contacts,Customer Contacts,Customer contacts,,https://api.columbus.sage.com/uk/sage200extra/accounts/v1/customer_contacts,,application/json,sales.json
Sales,/customer_contacts/{CustomerContactId}/customer_contact_roles,GET,GetCustomerContactRolesForCustomerContact,Customer Contact Roles By Contact,Customer Contact Roles,Customer contact roles by contact,,https://api.columbus.sage.com/uk/sage200extra/accounts/v1/customer_contacts/{CustomerContactId}/customer_contact_roles,,application/json,sales.json
Sales,/customer_contacts/{CustomerContactId}/customer_emails,GET,GetCustomerEmailsForCustomerContact,Customer Emails By Contact,Customer Emails,Customer emails by contact,,https://api.columbus.sage.com/uk/sage200extra/accounts/v1/customer_contacts/{CustomerContactId}/customer_emails,,application/json,sales.json
Sales,/customer_contacts/{CustomerContactId}/customer_emails,POST,PostCustomerEmailForCustomerContact,Customer Emails By Contact,Customer Emails,Customer emails by contact,,https://api.columbus.sage.com/uk/sage200extra/accounts/v1/customer_contacts/{CustomerContactId}/customer_emails,application/json,application/json,sales.json
Sales,/customer_contacts/{CustomerContactId}/customer_emails/{Id},DELETE,DeleteCustomerEmailForCustomerContact,Customer Email For Customer Contact,Customer Emails,Customer email for customer contact,,https://api.columbus.sage.com/uk/sage200extra/accounts/v1/customer_contacts/{CustomerContactId}/customer_emails/{Id},,application/json,sales.json
Sales,/customer_contacts/{CustomerContactId}/customer_emails/{Id},GET,GetCustomerEmailForCustomerContact,Customer Email For Customer Contact,Customer Emails,Customer email for customer contact,,https://api.columbus.sage.com/uk/sage200extra/accounts/v1/customer_contacts/{CustomerContactId}/customer_emails/{Id},,application/json,sales.json
Sales,/customer_contacts/{CustomerContactId}/customer_emails/{Id},PUT,PutCustomerEmailForCustomerContact,Customer Email For Customer Contact,Customer Emails,Customer email for customer contact,,https://api.columbus.sage.com/uk/sage200extra/accounts/v1/customer_contacts/{CustomerContactId}/customer_emails/{Id},application/json,application/json,sales.json
Sales,/customer_contacts/{CustomerContactId}/customer_faxes,GET,GetCustomerFaxesForCustomerContact,Customer Faxes By Contact,Customer Faxes,Customer faxes by contact,,https://api.columbus.sage.com/uk/sage200extra/accounts/v1/customer_contacts/{CustomerContactId}/customer_faxes,,application/json,sales.json
Sales,/customer_contacts/{CustomerContactId}/customer_faxes,POST,PostCustomerFaxForCustomerContact,Customer Faxes By Contact,Customer Faxes,Customer faxes by contact,,https://api.columbus.sage.com/uk/sage200extra/accounts/v1/customer_contacts/{CustomerContactId}/customer_faxes,application/json,application/json,sales.json
Sales,/customer_contacts/{CustomerContactId}/customer_faxes/{Id},DELETE,DeleteCustomerFaxForCustomerContact,Customer Fax For Customer Contact,Customer Faxes,Customer fax for customer contact,,https://api.columbus.sage.com/uk/sage200extra/accounts/v1/customer_contacts/{CustomerContactId}/customer_faxes/{Id},,application/json,sales.json
Sales,/customer_contacts/{CustomerContactId}/customer_faxes/{Id},GET,GetCustomerFaxForCustomerContact,Customer Fax For Customer Contact,Customer Faxes,Customer fax for customer contact,,https://api.columbus.sage.com/uk/sage200extra/accounts/v1/customer_contacts/{CustomerContactId}/customer_faxes/{Id},,application/json,sales.json
Sales,/customer_contacts/{CustomerContactId}/customer_faxes/{Id},PUT,PutCustomerFaxForCustomerContact,Customer Fax For Customer Contact,Customer Faxes,Customer fax for customer contact,,https://api.columbus.sage.com/uk/sage200extra/accounts/v1/customer_contacts/{CustomerContactId}/customer_faxes/{Id},application/json,application/json,sales.json
Sales,/customer_contacts/{CustomerContactId}/customer_mobiles,GET,GetCustomerMobilesForCustomerContact,Customer Mobiles By Contact,Customer Mobiles,Customer mobiles by contact,,https://api.columbus.sage.com/uk/sage200extra/accounts/v1/customer_contacts/{CustomerContactId}/customer_mobiles,,application/json,sales.json
Sales,/customer_contacts/{CustomerContactId}/customer_mobiles,POST,PostCustomerMobileForCustomerContact,Customer Mobiles By Contact,Customer Mobiles,Customer mobiles by contact,,https://api.columbus.sage.com/uk/sage200extra/accounts/v1/customer_contacts/{CustomerContactId}/customer_mobiles,application/json,application/json,sales.json
Sales,/customer_contacts/{CustomerContactId}/customer_mobiles/{Id},DELETE,DeleteCustomerMobileForCustomerContact,Customer Mobile For Customer Contact,Customer Mobiles,Customer mobile for customer contact,,https://api.columbus.sage.com/uk/sage200extra/accounts/v1/customer_contacts/{CustomerContactId}/customer_mobiles/{Id},,application/json,sales.json
Sales,/customer_contacts/{CustomerContactId}/customer_mobiles/{Id},GET,GetCustomerMobileForCustomerContact,Customer Mobile For Customer Contact,Customer Mobiles,Customer mobile for customer contact,,https://api.columbus.sage.com/uk/sage200extra/accounts/v1/customer_contacts/{CustomerContactId}/customer_mobiles/{Id},,application/json,sales.json
Sales,/customer_contacts/{CustomerContactId}/customer_mobiles/{Id},PUT,PutCustomerMobileForCustomerContact,Customer Mobile For Customer Contact,Customer Mobiles,Customer mobile for customer contact,,https://api.columbus.sage.com/uk/sage200extra/accounts/v1/customer_contacts/{CustomerContactId}/customer_mobiles/{Id},application/json,application/json,sales.json
Sales,/customer_contacts/{CustomerContactId}/customer_telephones,GET,GetCustomerTelephonesForCustomerContact,Customer Telephones By Contact,Customer Telephones,Customer telephones by contact,,https://api.columbus.sage.com/uk/sage200extra/accounts/v1/customer_contacts/{CustomerContactId}/customer_telephones,,application/json,sales.json
Sales,/customer_contacts/{CustomerContactId}/customer_telephones,POST,PostCustomerTelephoneForCustomerContact,Customer Telephones By Contact,Customer Telephones,Customer telephones by contact,,https://api.columbus.sage.com/uk/sage200extra/accounts/v1/customer_contacts/{CustomerContactId}/customer_telephones,application/json,application/json,sales.json
Sales,/customer_contacts/{CustomerContactId}/customer_telephones/{Id},DELETE,DeleteCustomerTelephoneForCustomerContact,Customer Telephone For Customer Contact,Customer Telephones,Customer telephone for customer contact,,https://api.columbus.sage.com/uk/sage200extra/accounts/v1/customer_contacts/{CustomerContactId}/customer_telephones/{Id},,application/json,sales.json
Sales,/customer_contacts/{CustomerContactId}/customer_telephones/{Id},GET,GetCustomerTelephoneForCustomerContact,Customer Telephone For Customer Contact,Customer Telephones,Customer telephone for customer contact,,https://api.columbus.sage.com/uk/sage200extra/accounts/v1/customer_contacts/{CustomerContactId}/customer_telephones/{Id},,application/json,sales.json
Sales,/customer_contacts/{CustomerContactId}/customer_telephones/{Id},PUT,PutCustomerTelephoneForCustomerContact,Customer Telephone For Customer Contact,Customer Telephones,Customer telephone for customer contact,,https://api.columbus.sage.com/uk/sage200extra/accounts/v1/customer_contacts/{CustomerContactId}/customer_telephones/{Id},application/json,application/json,sales.json
Sales,/customer_contacts/{CustomerContactId}/customer_websites,GET,GetCustomerWebsitesForCustomerContact,Customer Websites By Contact,Customer Websites,Customer websites by contact,,https://api.columbus.sage.com/uk/sage200extra/accounts/v1/customer_contacts/{CustomerContactId}/customer_websites,,application/json,sales.json
Sales,/customer_contacts/{CustomerContactId}/customer_websites,POST,PostCustomerWebsiteForCustomerContact,Customer Websites By Contact,Customer Websites,Customer websites by contact,,https://api.columbus.sage.com/uk/sage200extra/accounts/v1/customer_contacts/{CustomerContactId}/customer_websites,application/json,application/json,sales.json
Sales,/customer_contacts/{CustomerContactId}/customer_websites/{Id},DELETE,DeleteCustomerWebsiteForCustomerContact,Customer Website For Customer Contact,Customer Websites,Customer website for customer contact,,https://api.columbus.sage.com/uk/sage200extra/accounts/v1/customer_contacts/{CustomerContactId}/customer_websites/{Id},,application/json,sales.json
Sales,/customer_contacts/{CustomerContactId}/customer_websites/{Id},GET,GetCustomerWebsiteForCustomerContact,Customer Website For Customer Contact,Customer Websites,Customer website for customer contact,,https://api.columbus.sage.com/uk/sage200extra/accounts/v1/customer_contacts/{CustomerContactId}/customer_websites/{Id},,application/json,sales.json
Sales,/customer_contacts/{CustomerContactId}/customer_websites/{Id},PUT,PutCustomerWebsiteForCustomerContact,Customer Website For Customer Contact,Customer Websites,Customer website for customer contact,,https://api.columbus.sage.com/uk/sage200extra/accounts/v1/customer_contacts/{CustomerContactId}/customer_websites/{Id},application/json,application/json,sales.json
Sales,/customer_contacts/{Id},DELETE,DeleteCustomerContact,Customer Contact,Customer Contacts,Customer contact,,https://api.columbus.sage.com/uk/sage200extra/accounts/v1/customer_contacts/{Id},,application/json,sales.json
Sales,/customer_contacts/{Id},GET,GetCustomerContacts,Customer Contact,Customer Contacts,Customer contact,,https://api.columbus.sage.com/uk/sage200extra/accounts/v1/customer_contacts/{Id},,application/json,sales.json
Sales,/customer_contacts/{Id},PUT,PutCustomerContact,Customer Contact,Customer Contacts,Customer contact,,https://api.columbus.sage.com/uk/sage200extra/accounts/v1/customer_contacts/{Id},application/json,application/json,sales.json
Sales,/customer_delivery_addresses,GET,GetCustomerDeliveryAddresses,Customer Delivery Addresses Collection,Customer Delivery Addresses,Customer Delivery Addresses Collection,,https://api.columbus.sage.com/uk/sage200extra/accounts/v1/customer_delivery_addresses,,application/json,sales.json
Sales,/customer_delivery_addresses,POST,PostCustomerDeliveryAddress,Customer Delivery Addresses Collection,Customer Delivery Addresses,Customer Delivery Addresses Collection,,https://api.columbus.sage.com/uk/sage200extra/accounts/v1/customer_delivery_addresses,application/json,application/json,sales.json
Sales,/customer_delivery_addresses/{Id},DELETE,DeleteCustomerDeliveryAddress,Single Customer Delivery Address Resource,Customer Delivery Addresses,Single Customer Delivery Address Resource,,https://api.columbus.sage.com/uk/sage200extra/accounts/v1/customer_delivery_addresses/{Id},,application/json,sales.json
Sales,/customer_delivery_addresses/{Id},GET,GetCustomerDeliveryAddress,Single Customer Delivery Address Resource,Customer Delivery Addresses,Single Customer Delivery Address Resource,,https://api.columbus.sage.com/uk/sage200extra/accounts/v1/customer_delivery_addresses/{Id},,application/json,sales.json
Sales,/customer_delivery_addresses/{Id},PUT,PutCustomerDeliveryAddress,Single Customer Delivery Address Resource,Customer Delivery Addresses,Single Customer Delivery Address Resource,,https://api.columbus.sage.com/uk/sage200extra/accounts/v1/customer_delivery_addresses/{Id},application/json,application/json,sales.json
Sales,/customer_emails,GET,GetCustomerEmails,Customer Emails,Customer Emails,Customer emails,,https://api.columbus.sage.com/uk/sage200extra/accounts/v1/customer_emails,,application/json,sales.json
Sales,/customer_emails/{Id},DELETE,DeleteCustomerEmail,Customer Email,Customer Emails,Customer email,,https://api.columbus.sage.com/uk/sage200extra/accounts/v1/customer_emails/{Id},,application/json,sales.json
Sales,/customer_emails/{Id},GET,GetCustomerEmail,Customer Email,Customer Emails,Customer email,,https://api.columbus.sage.com/uk/sage200extra/accounts/v1/customer_emails/{Id},,application/json,sales.json
Sales,/customer_emails/{Id},PUT,PutCustomerEmail,Customer Email,Customer Emails,Customer email,,https://api.columbus.sage.com/uk/sage200extra/accounts/v1/customer_emails/{Id},application/json,application/json,sales.json
Sales,/customer_faxes,GET,GetCustomerFaxes,Customer Faxes,Customer Faxes,Customer faxes,,https://api.columbus.sage.com/uk/sage200extra/accounts/v1/customer_faxes,,application/json,sales.json
Sales,/customer_faxes/{Id},DELETE,DeleteCustomerFax,Customer Fax,Customer Faxes,Customer fax,,https://api.columbus.sage.com/uk/sage200extra/accounts/v1/customer_faxes/{Id},,application/json,sales.json
Sales,/customer_faxes/{Id},GET,GetCustomerFax,Customer Fax,Customer Faxes,Customer fax,,https://api.columbus.sage.com/uk/sage200extra/accounts/v1/customer_faxes/{Id},,application/json,sales.json
Sales,/customer_faxes/{Id},PUT,PutCustomerFax,Customer Fax,Customer Faxes,Customer fax,,https://api.columbus.sage.com/uk/sage200extra/accounts/v1/customer_faxes/{Id},application/json,application/json,sales.json
Sales,/customer_memos,GET,GetCustomerMemos,Customer Memos,Customer Memos,Customer memos,,https://api.columbus.sage.com/uk/sage200extra/accounts/v1/customer_memos,,application/json,sales.json
Sales,/customer_memos,POST,PostCustomerMemo,Customer Memos,Customer Memos,Customer memos,,https://api.columbus.sage.com/uk/sage200extra/accounts/v1/customer_memos,application/json,application/json,sales.json
Sales,/customer_memos/{Id},DELETE,DeleteCustomerMemo,Customer Memo,Customer Memos,Customer memo,,https://api.columbus.sage.com/uk/sage200extra/accounts/v1/customer_memos/{Id},,application/json,sales.json
Sales,/customer_memos/{Id},GET,GetCustomerMemo,Customer Memo,Customer Memos,Customer memo,,https://api.columbus.sage.com/uk/sage200extra/accounts/v1/customer_memos/{Id},,application/json,sales.json
Sales,/customer_memos/{Id},PUT,PutCustomerMemo,Customer Memo,Customer Memos,Customer memo,,https://api.columbus.sage.com/uk/sage200extra/accounts/v1/customer_memos/{Id},application/json,application/json,sales.json
Sales,/customer_mobiles,GET,GetCustomerMobiles,Customer Mobiles,Customer Mobiles,Customer mobiles,,https://api.columbus.sage.com/uk/sage200extra/accounts/v1/customer_mobiles,,application/json,sales.json
Sales,/customer_mobiles/{Id},DELETE,DeleteCustomerMobile,Customer Mobile,Customer Mobiles,Customer mobile,,https://api.columbus.sage.com/uk/sage200extra/accounts/v1/customer_mobiles/{Id},,application/json,sales.json
Sales,/customer_mobiles/{Id},GET,GetCustomerMobile,Customer Mobile,Customer Mobiles,Customer mobile,,https://api.columbus.sage.com/uk/sage200extra/accounts/v1/customer_mobiles/{Id},,application/json,sales.json
Sales,/customer_mobiles/{Id},PUT,PutCustomerMobile,Customer Mobile,Customer Mobiles,Customer mobile,,https://api.columbus.sage.com/uk/sage200extra/accounts/v1/customer_mobiles/{Id},application/json,application/json,sales.json
Sales,/customer_period_value_views,GET,GetCustomerPeriodValueViews,Customer Period Value Views,Customer Period Value Views,Customer period value views,,https://api.columbus.sage.com/uk/sage200extra/accounts/v1/customer_period_value_views,,application/json,sales.json
Sales,/customer_price_bands,GET,GetCustomerPriceBands,Customer Price Bands,Customer Price Bands,Customer price bands,,https://api.columbus.sage.com/uk/sage200extra/accounts/v1/customer_price_bands,,application/json,sales.json
Sales,/customer_price_bands/{Id},GET,GetCustomerPriceBand,Customer Price Band,Customer Price Bands,Customer price band,,https://api.columbus.sage.com/uk/sage200extra/accounts/v1/customer_price_bands/{Id},,application/json,sales.json
Sales,/customer_price_enquiry,POST,PostCustomerPriceEnquiry,Customer Price Enquiry,Customer Price Enquiry,Customer Price Enquiry,,https://api.columbus.sage.com/uk/sage200extra/accounts/v1/customer_price_enquiry,application/json,application/json,sales.json
Sales,/customer_sop_invoice_credit_line_views,GET,GetCustomerSOPInvoiceCreditLineViews,Customer SOP Invoice Credit Line Views,Customer SOP Invoice Credit Line Views,Customer SOP invoice credit line views,,https://api.columbus.sage.com/uk/sage200extra/accounts/v1/customer_sop_invoice_credit_line_views,,application/json,sales.json
Sales,/customer_telephones,GET,GetCustomerTelephones,Customer Telephones,Customer Telephones,Customer telephones,,https://api.columbus.sage.com/uk/sage200extra/accounts/v1/customer_telephones,,application/json,sales.json
Sales,/customer_telephones/{Id},DELETE,DeleteCustomerTelephone,Customer Telephone,Customer Telephones,Customer telephone,,https://api.columbus.sage.com/uk/sage200extra/accounts/v1/customer_telephones/{Id},,application/json,sales.json
Sales,/customer_telephones/{Id},GET,GetCustomerTelephone,Customer Telephone,Customer Telephones,Customer telephone,,https://api.columbus.sage.com/uk/sage200extra/accounts/v1/customer_telephones/{Id},,application/json,sales.json
Sales,/customer_telephones/{Id},PUT,PutCustomerTelephone,Customer Telephone,Customer Telephones,Customer telephone,,https://api.columbus.sage.com/uk/sage200extra/accounts/v1/customer_telephones/{Id},application/json,application/json,sales.json
Sales,/customer_views,GET,GetCustomerViews,Customer Views,Customer Views,Customer views,,https://api.columbus.sage.com/uk/sage200extra/accounts/v1/customer_views,,application/json,sales.json
Sales,/customer_websites,GET,GetCustomerWebsites,Customer Websites,Customer Websites,Customer websites,,https://api.columbus.sage.com/uk/sage200extra/accounts/v1/customer_websites,,application/json,sales.json
Sales,/customer_websites/{Id},DELETE,DeleteCustomerWebsite,Customer Website,Customer Websites,Customer website,,https://api.columbus.sage.com/uk/sage200extra/accounts/v1/customer_websites/{Id},,application/json,sales.json
Sales,/customer_websites/{Id},GET,GetCustomerWebsite,Customer Website,Customer Websites,Customer website,,https://api.columbus.sage.com/uk/sage200extra/accounts/v1/customer_websites/{Id},,application/json,sales.json
Sales,/customer_websites/{Id},PUT,PutCustomerWebsite,Customer Website,Customer Websites,Customer website,,https://api.columbus.sage.com/uk/sage200extra/accounts/v1/customer_websites/{Id},application/json,application/json,sales.json
Sales,/customer_year_value_views,GET,GetCustomerYearValueViews,Customer Year Value Views,Customer Year Value Views,Customer year value views,,https://api.columbus.sage.com/uk/sage200extra/accounts/v1/customer_year_value_views,,application/json,sales.json
Sales,/customers,GET,GetCustomers,Customers,Customers,Customers,,https://api.columbus.sage.com/uk/sage200extra/accounts/v1/customers,,application/json,sales.json
Sales,/customers,POST,PostCustomer,Customers,Customers,Customers,,https://api.columbus.sage.com/uk/sage200extra/accounts/v1/customers,application/json,application/json,sales.json
Sales,/customers/{Id},DELETE,DeleteCustomer,Customer,Customers,Customer,,https://api.columbus.sage.com/uk/sage200extra/accounts/v1/customers/{Id},,application/json,sales.json
Sales,/customers/{Id},GET,GetCustomer,Customer,Customers,Customer,,https://api.columbus.sage.com/uk/sage200extra/accounts/v1/customers/{Id},,application/json,sales.json
Sales,/customers/{Id},PUT,PutCustomer,Customer,Customers,Customer,,https://api.columbus.sage.com/uk/sage200extra/accounts/v1/customers/{Id},application/json,application/json,sales.json
Sales,/customers/{customerId}/customer_alerts,GET,GetCustomerAlertsForCustomer,Customer Alerts For Customer,Customer Alerts,Customer alerts for customer,,https://api.columbus.sage.com/uk/sage200extra/accounts/v1/customers/{customerId}/customer_alerts,,application/json,sales.json
Sales,/customers/{customerId}/customer_cards,GET,GetCustomerCardsForCustomer,Customer Cards For Customer,Customer Cards,Customer cards for customer,,https://api.columbus.sage.com/uk/sage200extra/accounts/v1/customers/{customerId}/customer_cards,,application/json,sales.json
Sales,/customers/{customerId}/customer_contacts,GET,GetCustomerContactsForCustomer,Customer Contacts For Customer,Customer Contacts,Customer contacts for customer,,https://api.columbus.sage.com/uk/sage200extra/accounts/v1/customers/{customerId}/customer_contacts,,application/json,sales.json
Sales,/customers/{customerId}/customer_contacts,POST,PostCustomerContactForCustomer,Customer Contacts For Customer,Customer Contacts,Customer contacts for customer,,https://api.columbus.sage.com/uk/sage200extra/accounts/v1/customers/{customerId}/customer_contacts,application/json,application/json,sales.json
Sales,/customers/{customerId}/customer_contacts/{CustomerContactId}/customer_emails,GET,GetCustomerEmailsForCustomerAndCustomerContact,Customer Emails For Customer And Customer Contact,Customer Emails,Customer emails for customer and customer contact,,https://api.columbus.sage.com/uk/sage200extra/accounts/v1/customers/{customerId}/customer_contacts/{CustomerContactId}/customer_emails,,application/json,sales.json
Sales,/customers/{customerId}/customer_contacts/{CustomerContactId}/customer_emails,POST,PostCustomerEmailForCustomerAndCustomerContact,Customer Emails For Customer And Customer Contact,Customer Emails,Customer emails for customer and customer contact,,https://api.columbus.sage.com/uk/sage200extra/accounts/v1/customers/{customerId}/customer_contacts/{CustomerContactId}/customer_emails,application/json,application/json,sales.json
Sales,/customers/{customerId}/customer_contacts/{CustomerContactId}/customer_emails/{Id},DELETE,DeleteCustomerEmailForCustomerAndCustomerContact,Customer Email For Customer And Customer Contact,Customer Emails,Customer email for customer and customer contact,,https://api.columbus.sage.com/uk/sage200extra/accounts/v1/customers/{customerId}/customer_contacts/{CustomerContactId}/customer_emails/{Id},,application/json,sales.json
Sales,/customers/{customerId}/customer_contacts/{CustomerContactId}/customer_emails/{Id},GET,GetCustomerEmailForCustomerAndCustomerContact,Customer Email For Customer And Customer Contact,Customer Emails,Customer email for customer and customer contact,,https://api.columbus.sage.com/uk/sage200extra/accounts/v1/customers/{customerId}/customer_contacts/{CustomerContactId}/customer_emails/{Id},,application/json,sales.json
Sales,/customers/{customerId}/customer_contacts/{CustomerContactId}/customer_emails/{Id},PUT,PutCustomerEmailForCustomerAndCustomerContact,Customer Email For Customer And Customer Contact,Customer Emails,Customer email for customer and customer contact,,https://api.columbus.sage.com/uk/sage200extra/accounts/v1/customers/{customerId}/customer_contacts/{CustomerContactId}/customer_emails/{Id},application/json,application/json,sales.json
Sales,/customers/{customerId}/customer_contacts/{CustomerContactId}/customer_faxes,GET,GetCustomerFaxesForCustomerAndCustomerContact,Customer Faxes For Customer And Customer Contact,Customer Faxes,Customer faxes for customer and customer contact,,https://api.columbus.sage.com/uk/sage200extra/accounts/v1/customers/{customerId}/customer_contacts/{CustomerContactId}/customer_faxes,,application/json,sales.json
Sales,/customers/{customerId}/customer_contacts/{CustomerContactId}/customer_faxes,POST,PostCustomerFaxForCustomerAndCustomerContact,Customer Faxes For Customer And Customer Contact,Customer Faxes,Customer faxes for customer and customer contact,,https://api.columbus.sage.com/uk/sage200extra/accounts/v1/customers/{customerId}/customer_contacts/{CustomerContactId}/customer_faxes,application/json,application/json,sales.json
Sales,/customers/{customerId}/customer_contacts/{CustomerContactId}/customer_faxes/{Id},DELETE,DeleteCustomerFaxForCustomerAndCustomerContact,Customer Fax For Customer And Customer Contact,Customer Faxes,Customer fax for customer and customer contact,,https://api.columbus.sage.com/uk/sage200extra/accounts/v1/customers/{customerId}/customer_contacts/{CustomerContactId}/customer_faxes/{Id},,application/json,sales.json
Sales,/customers/{customerId}/customer_contacts/{CustomerContactId}/customer_faxes/{Id},GET,GetCustomerFaxForCustomerAndCustomerContact,Customer Fax For Customer And Customer Contact,Customer Faxes,Customer fax for customer and customer contact,,https://api.columbus.sage.com/uk/sage200extra/accounts/v1/customers/{customerId}/customer_contacts/{CustomerContactId}/customer_faxes/{Id},,application/json,sales.json
Sales,/customers/{customerId}/customer_contacts/{CustomerContactId}/customer_faxes/{Id},PUT,PutCustomerFaxForCustomerAndCustomerContact,Customer Fax For Customer And Customer Contact,Customer Faxes,Customer fax for customer and customer contact,,https://api.columbus.sage.com/uk/sage200extra/accounts/v1/customers/{customerId}/customer_contacts/{CustomerContactId}/customer_faxes/{Id},application/json,application/json,sales.json
Sales,/customers/{customerId}/customer_contacts/{CustomerContactId}/customer_mobiles,GET,GetCustomerMobilesForCustomerAndCustomerContact,Customer Mobiles For Customer And Customer Contact,Customer Mobiles,Customer mobiles for customer and customer contact,,https://api.columbus.sage.com/uk/sage200extra/accounts/v1/customers/{customerId}/customer_contacts/{CustomerContactId}/customer_mobiles,,application/json,sales.json
Sales,/customers/{customerId}/customer_contacts/{CustomerContactId}/customer_mobiles,POST,PostCustomerMobileForCustomerAndCustomerContact,Customer Mobiles For Customer And Customer Contact,Customer Mobiles,Customer mobiles for customer and customer contact,,https://api.columbus.sage.com/uk/sage200extra/accounts/v1/customers/{customerId}/customer_contacts/{CustomerContactId}/customer_mobiles,application/json,application/json,sales.json
Sales,/customers/{customerId}/customer_contacts/{CustomerContactId}/customer_mobiles/{Id},DELETE,DeleteCustomerMobileForCustomerAndCustomerContact,Customer Mobile For Customer And Customer Contact,Customer Mobiles,Customer mobile for customer and customer contact,,https://api.columbus.sage.com/uk/sage200extra/accounts/v1/customers/{customerId}/customer_contacts/{CustomerContactId}/customer_mobiles/{Id},,application/json,sales.json
Sales,/customers/{customerId}/customer_contacts/{CustomerContactId}/customer_mobiles/{Id},GET,GetCustomerMobileForCustomerAndCustomerContact,Customer Mobile For Customer And Customer Contact,Customer Mobiles,Customer mobile for customer and customer contact,,https://api.columbus.sage.com/uk/sage200extra/accounts/v1/customers/{customerId}/customer_contacts/{CustomerContactId}/customer_mobiles/{Id},,application/json,sales.json
Sales,/customers/{customerId}/customer_contacts/{CustomerContactId}/customer_mobiles/{Id},PUT,PutCustomerMobileForCustomerAndCustomerContact,Customer Mobile For Customer And Customer Contact,Customer Mobiles,Customer mobile for customer and customer contact,,https://api.columbus.sage.com/uk/sage200extra/accounts/v1/customers/{customerId}/customer_contacts/{CustomerContactId}/customer_mobiles/{Id},application/json,application/json,sales.json
Sales,/customers/{customerId}/customer_contacts/{CustomerContactId}/customer_telephones,GET,GetCustomerTelephonesForCustomerAndCustomerContact,Customer Telephones For Customer And Customer Contact,Customer Telephones,Customer telephones for customer and customer contact,,https://api.columbus.sage.com/uk/sage200extra/accounts/v1/customers/{customerId}/customer_contacts/{CustomerContactId}/customer_telephones,,application/json,sales.json
Sales,/customers/{customerId}/customer_contacts/{CustomerContactId}/customer_telephones,POST,PostCustomerTelephoneForCustomerAndCustomerContact,Customer Telephones For Customer And Customer Contact,Customer Telephones,Customer telephones for customer and customer contact,,https://api.columbus.sage.com/uk/sage200extra/accounts/v1/customers/{customerId}/customer_contacts/{CustomerContactId}/customer_telephones,application/json,application/json,sales.json
Sales,/customers/{customerId}/customer_contacts/{CustomerContactId}/customer_telephones/{Id},DELETE,DeleteCustomerTelephoneForCustomerAndCustomerContact,Customer Telephone For Customer And Customer Contact,Customer Telephones,Customer telephone for customer and customer contact,,https://api.columbus.sage.com/uk/sage200extra/accounts/v1/customers/{customerId}/customer_contacts/{CustomerContactId}/customer_telephones/{Id},,application/json,sales.json
Sales,/customers/{customerId}/customer_contacts/{CustomerContactId}/customer_telephones/{Id},GET,GetCustomerTelephoneForCustomerAndCustomerContact,Customer Telephone For Customer And Customer Contact,Customer Telephones,Customer telephone for customer and customer contact,,https://api.columbus.sage.com/uk/sage200extra/accounts/v1/customers/{customerId}/customer_contacts/{CustomerContactId}/customer_telephones/{Id},,application/json,sales.json
Sales,/customers/{customerId}/customer_contacts/{CustomerContactId}/customer_telephones/{Id},PUT,PutCustomerTelephoneForCustomerAndCustomerContact,Customer Telephone For Customer And Customer Contact,Customer Telephones,Customer telephone for customer and customer contact,,https://api.columbus.sage.com/uk/sage200extra/accounts/v1/customers/{customerId}/customer_contacts/{CustomerContactId}/customer_telephones/{Id},application/json,application/json,sales.json
Sales,/customers/{customerId}/customer_contacts/{CustomerContactId}/customer_websites,GET,GetCustomerWebsitesForCustomerAndCustomerContact,Customer Websites For Customer And Customer Contact,Customer Websites,Customer websites for customer and customer contact,,https://api.columbus.sage.com/uk/sage200extra/accounts/v1/customers/{customerId}/customer_contacts/{CustomerContactId}/customer_websites,,application/json,sales.json
Sales,/customers/{customerId}/customer_contacts/{CustomerContactId}/customer_websites,POST,PostCustomerWebsiteForCustomerAndCustomerContact,Customer Websites For Customer And Customer Contact,Customer Websites,Customer websites for customer and customer contact,,https://api.columbus.sage.com/uk/sage200extra/accounts/v1/customers/{customerId}/customer_contacts/{CustomerContactId}/customer_websites,application/json,application/json,sales.json
Sales,/customers/{customerId}/customer_contacts/{CustomerContactId}/customer_websites/{Id},DELETE,DeleteCustomerWebsiteForCustomerAndCustomerContact,Customer Website For Customer And Customer Contact,Customer Websites,Customer website for customer and customer contact,,https://api.columbus.sage.com/uk/sage200extra/accounts/v1/customers/{customerId}/customer_contacts/{CustomerContactId}/customer_websites/{Id},,application/json,sales.json
Sales,/customers/{customerId}/customer_contacts/{CustomerContactId}/customer_websites/{Id},GET,GetCustomerWebsiteForCustomerAndCustomerContact,Customer Website For Customer And Customer Contact,Customer Websites,Customer website for customer and customer contact,,https://api.columbus.sage.com/uk/sage200extra/accounts/v1/customers/{customerId}/customer_contacts/{CustomerContactId}/customer_websites/{Id},,application/json,sales.json
Sales,/customers/{customerId}/customer_contacts/{CustomerContactId}/customer_websites/{Id},PUT,PutCustomerWebsiteForCustomerAndCustomerContact,Customer Website For Customer And Customer Contact,Customer Websites,Customer website for customer and customer contact,,https://api.columbus.sage.com/uk/sage200extra/accounts/v1/customers/{customerId}/customer_contacts/{CustomerContactId}/customer_websites/{Id},application/json,application/json,sales.json
Sales,/customers/{customerId}/customer_contacts/{Id},DELETE,DeleteCustomerContactForCustomer,Customer Contact For Customer,Customer Contacts,Customer contact for customer,,https://api.columbus.sage.com/uk/sage200extra/accounts/v1/customers/{customerId}/customer_contacts/{Id},,application/json,sales.json
Sales,/customers/{customerId}/customer_contacts/{Id},GET,GetCustomerContactForCustomer,Customer Contact For Customer,Customer Contacts,Customer contact for customer,,https://api.columbus.sage.com/uk/sage200extra/accounts/v1/customers/{customerId}/customer_contacts/{Id},,application/json,sales.json
Sales,/customers/{customerId}/customer_contacts/{Id},PUT,PutCustomerContactForCustomer,Customer Contact For Customer,Customer Contacts,Customer contact for customer,,https://api.columbus.sage.com/uk/sage200extra/accounts/v1/customers/{customerId}/customer_contacts/{Id},application/json,application/json,sales.json
Sales,/customers/{customerId}/customer_delivery_addresses,GET,GetCustomerDeliveryAddressesForCustomer,Customer Delivery Addresses For Customer,Customer Delivery Addresses,Customer delivery addresses for customer,,https://api.columbus.sage.com/uk/sage200extra/accounts/v1/customers/{customerId}/customer_delivery_addresses,,application/json,sales.json
Sales,/customers/{customerId}/customer_memos,GET,GetCustomerMemosForCustomer,Customer Memos For Customer,Customer Memos,Customer memos for customer,,https://api.columbus.sage.com/uk/sage200extra/accounts/v1/customers/{customerId}/customer_memos,,application/json,sales.json
Sales,/customers/{customerId}/sales_historical_transactions,GET,GetSalesHistoricalTransactionsForCustomer,Sales Historical Transactions For Customer,Sales Historical Transactions,Sales historical transactions for Customer,,https://api.columbus.sage.com/uk/sage200extra/accounts/v1/customers/{customerId}/sales_historical_transactions,,application/json,sales.json
Sales,/customers/{customerId}/sales_posted_transactions,GET,GetSalesPostedTransactionsForCustomer,Sales Posted Transactions For Customer,Sales Posted Transactions,Sales posted transactions for Customer,,https://api.columbus.sage.com/uk/sage200extra/accounts/v1/customers/{customerId}/sales_posted_transactions,,application/json,sales.json
Sales,/customers/{customerId}/sales_transaction_enquiry_views,GET,GetSalesTransactionsEnquiryViewsForCustomer,Sales Transaction Enquiry Views Transactions For Customer,Sales Transaction Enquiry Views,Sales transaction enquiry views transactions for Customer,,https://api.columbus.sage.com/uk/sage200extra/accounts/v1/customers/{customerId}/sales_transaction_enquiry_views,,application/json,sales.json
Sales,/customers_new,POST,PostCustomersNew,New Customer With Defaults,Customers,New customer with defaults,,https://api.columbus.sage.com/uk/sage200extra/accounts/v1/customers_new,application/json,application/json,sales.json
Sales,/document_transmission_method_types,GET,GetDocumentTransmissionMethodTypes,Document Transmission Method Types,Document Transmission Method Types,Document transmission method types,,https://api.columbus.sage.com/uk/sage200extra/accounts/v1/document_transmission_method_types,,application/json,sales.json
Sales,/finance_charges,GET,GetFinanceCharges,Finance Charges,Finance Charges,Finance charges,TRUE,https://api.columbus.sage.com/uk/sage200extra/accounts/v1/finance_charges,,application/json,sales.json
Sales,/finance_charges/{Id},GET,GetFinanceCharge,Finance Charge,Finance Charges,Finance charge,TRUE,https://api.columbus.sage.com/uk/sage200extra/accounts/v1/finance_charges/{Id},,application/json,sales.json
Sales,/finance_charges/{Id},PUT,PutFinanceCharge,Finance Charge,Finance Charges,Finance charge,TRUE,https://api.columbus.sage.com/uk/sage200extra/accounts/v1/finance_charges/{Id},application/json,application/json,sales.json
Sales,/head_office_types,GET,GetHeadOfficeTypes,Head Office Types,Head Office Types,Head office types,,https://api.columbus.sage.com/uk/sage200extra/accounts/v1/head_office_types,,application/json,sales.json
Sales,/lookup_customers,GET,GetLookupCustomers,Lookup Customers,Lookup Customers,Lookup Customers,,https://api.columbus.sage.com/uk/sage200extra/accounts/v1/lookup_customers,,application/json,sales.json
Sales,/sales_aged_debtor_detailed_views,GET,GetSalesAgedDebtorDetailedViews,Sales Aged Debtor Detailed Views,Sales Aged Debtor Detailed Views,Sales aged debtor detailed views,,https://api.columbus.sage.com/uk/sage200extra/accounts/v1/sales_aged_debtor_detailed_views,,application/json,sales.json
Sales,/sales_aged_debtor_summary_views,GET,GetSalesAgedDebtorSummaryViews,Sales Aged Debtor Summary Views,Sales Aged Debtor Summary Views,Sales aged debtor summary views,,https://api.columbus.sage.com/uk/sage200extra/accounts/v1/sales_aged_debtor_summary_views,,application/json,sales.json
Sales,/sales_aged_transaction_period_views,GET,GetAgedTransactionPeriodViews,View Of Sales Aged Transaction Periods,Sales Aged Transaction Period Views,View of Sales Aged transaction periods,,https://api.columbus.sage.com/uk/sage200extra/accounts/v1/sales_aged_transaction_period_views,,application/json,sales.json
Sales,/sales_allocations,POST,PostSalesAllocation,Sales Allocations,Sales Allocations,Sales allocations,,https://api.columbus.sage.com/uk/sage200extra/accounts/v1/sales_allocations,application/json,application/json,sales.json
Sales,/sales_credit_notes,POST,PostSalesCreditNote,Sales Credit Notes,Sales Credit Notes,Sales credit notes,,https://api.columbus.sage.com/uk/sage200extra/accounts/v1/sales_credit_notes,application/json,application/json,sales.json
Sales,/sales_credit_notes_new,POST,PostSalesCreditNotesNew,Sales Credit Notes New,Sales Credit Notes,Sales Credit Notes New,,https://api.columbus.sage.com/uk/sage200extra/accounts/v1/sales_credit_notes_new,application/json,application/json,sales.json
Sales,/sales_historical_transactions,GET,GetSalesHistoricalTransactions,Sales Historical Transactions,Sales Historical Transactions,Sales historical transactions,,https://api.columbus.sage.com/uk/sage200extra/accounts/v1/sales_historical_transactions,,application/json,sales.json
Sales,/sales_historical_transactions/{Id},GET,GetSalesHistoricalTransaction,Sales Historical Transaction,Sales Historical Transactions,Sales historical transaction,,https://api.columbus.sage.com/uk/sage200extra/accounts/v1/sales_historical_transactions/{Id},,application/json,sales.json
Sales,/sales_invoices,POST,PostSalesInvoice,Sales Invoices,Sales Invoices,Sales invoices,,https://api.columbus.sage.com/uk/sage200extra/accounts/v1/sales_invoices,application/json,application/json,sales.json
Sales,/sales_invoices_new,POST,PostSalesInvoicesNew,Sales Invoices New,Sales Invoices,Sales Invoices New,,https://api.columbus.sage.com/uk/sage200extra/accounts/v1/sales_invoices_new,application/json,application/json,sales.json
Sales,/sales_ledger_settings,GET,GetSalesLedgerSettings,Sales Ledger Settings,Sales Ledger Settings,Sales Ledger settings,,https://api.columbus.sage.com/uk/sage200extra/accounts/v1/sales_ledger_settings,,application/json,sales.json
Sales,/sales_ledger_settings/{Id},GET,GetSalesLedgerSetting,Sales Ledger Setting,Sales Ledger Settings,Sales Ledger setting,,https://api.columbus.sage.com/uk/sage200extra/accounts/v1/sales_ledger_settings/{Id},,application/json,sales.json
Sales,/sales_ledger_settings/{Id},PUT,PutSalesLedgerSetting,Sales Ledger Setting,Sales Ledger Settings,Sales Ledger setting,,https://api.columbus.sage.com/uk/sage200extra/accounts/v1/sales_ledger_settings/{Id},application/json,application/json,sales.json
Sales,/sales_payments,POST,PostSalesPayment,Sales Payments,Sales Payments,Sales payments,,https://api.columbus.sage.com/uk/sage200extra/accounts/v1/sales_payments,application/json,application/json,sales.json
Sales,/sales_posted_transaction_memos,GET,GetSalesPostedTransactionMemos,Sales Posted Transaction Memos,Sales Posted Transaction Memos,Sales posted transaction memos,,https://api.columbus.sage.com/uk/sage200extra/accounts/v1/sales_posted_transaction_memos,,application/json,sales.json
Sales,/sales_posted_transaction_memos,POST,PostSalesPostedTransactionMemo,Sales Posted Transaction Memos,Sales Posted Transaction Memos,Sales posted transaction memos,,https://api.columbus.sage.com/uk/sage200extra/accounts/v1/sales_posted_transaction_memos,application/json,application/json,sales.json
Sales,/sales_posted_transaction_memos/{Id},DELETE,DeleteSalesPostedTransactionMemo,Sales Posted Transaction Memo,Sales Posted Transaction Memos,Sales posted transaction memo,,https://api.columbus.sage.com/uk/sage200extra/accounts/v1/sales_posted_transaction_memos/{Id},,application/json,sales.json
Sales,/sales_posted_transaction_memos/{Id},GET,GetSalesPostedTransactionMemo,Sales Posted Transaction Memo,Sales Posted Transaction Memos,Sales posted transaction memo,,https://api.columbus.sage.com/uk/sage200extra/accounts/v1/sales_posted_transaction_memos/{Id},,application/json,sales.json
Sales,/sales_posted_transaction_memos/{Id},PUT,PutSalesPostedTransactionMemo,Sales Posted Transaction Memo,Sales Posted Transaction Memos,Sales posted transaction memo,,https://api.columbus.sage.com/uk/sage200extra/accounts/v1/sales_posted_transaction_memos/{Id},application/json,application/json,sales.json
Sales,/sales_posted_transactions,GET,GetSalesPostedTransactions,Sales Posted Transactions,Sales Posted Transactions,Sales posted transactions,,https://api.columbus.sage.com/uk/sage200extra/accounts/v1/sales_posted_transactions,,application/json,sales.json
Sales,/sales_posted_transactions/{Id},GET,GetSalesPostedTransaction,Sales Posted Transaction,Sales Posted Transactions,Sales posted transaction,,https://api.columbus.sage.com/uk/sage200extra/accounts/v1/sales_posted_transactions/{Id},,application/json,sales.json
Sales,/sales_posted_transactions/{Id},PUT,PutSalesPostedTransactions,Sales Posted Transaction,Sales Posted Transactions,Sales posted transaction,,https://api.columbus.sage.com/uk/sage200extra/accounts/v1/sales_posted_transactions/{Id},application/json,application/json,sales.json
Sales,/sales_posted_transactions/{transactionId}/sales_posted_transaction_memos,GET,GetMemosForSalesPostedTransaction,Sales Posted Transaction Memos For Sales Posted Transaction,Sales Posted Transaction Memos,Sales posted transaction memos for sales posted transaction,,https://api.columbus.sage.com/uk/sage200extra/accounts/v1/sales_posted_transactions/{transactionId}/sales_posted_transaction_memos,,application/json,sales.json
Sales,/sales_receipts,POST,PostSalesReceipt,Sales Receipts,Sales Receipts,Sales receipts,,https://api.columbus.sage.com/uk/sage200extra/accounts/v1/sales_receipts,application/json,application/json,sales.json
Sales,/sales_trading_periods,GET,GetSalesTradingPeriods,Sales Trading Periods,Sales Trading Periods,Sales trading periods,TRUE,https://api.columbus.sage.com/uk/sage200extra/accounts/v1/sales_trading_periods,,application/json,sales.json
Sales,/sales_trading_periods/{Id},GET,GetSalesTradingPeriod,Sales Trading Period,Sales Trading Periods,Sales trading period,TRUE,https://api.columbus.sage.com/uk/sage200extra/accounts/v1/sales_trading_periods/{Id},,application/json,sales.json
Sales,/sales_transaction_enquiry_views,GET,GetSalesTransactionEnquiryViews,Sales Transaction Enquiry Views,Sales Transaction Enquiry Views,Sales transaction enquiry views,,https://api.columbus.sage.com/uk/sage200extra/accounts/v1/sales_transaction_enquiry_views,,application/json,sales.json
Sales,/sales_transaction_enquiry_views/{Id},GET,GetSalesTransactionEnquiryView,Sales Transaction Enquiry View,Sales Transaction Enquiry Views,Sales transaction enquiry view,,https://api.columbus.sage.com/uk/sage200extra/accounts/v1/sales_transaction_enquiry_views/{Id},,application/json,sales.json
Sales,/sales_transaction_views,GET,GetSalesTransactionViews,Sales Transaction Views,Sales Transaction Views,Sales transaction views,,https://api.columbus.sage.com/uk/sage200extra/accounts/v1/sales_transaction_views,,application/json,sales.json
Sales,/statement_ageing_terms,GET,GetStatementAgeingTerms,Statement Ageing Terms,Statement Ageing Terms,Statement ageing terms,,https://api.columbus.sage.com/uk/sage200extra/accounts/v1/statement_ageing_terms,,application/json,sales.json
Sales,/statement_layout_types,GET,GetStatementLayoutTypes,Statement Layout Types,Statement Layout Types,Statement layout types,,https://api.columbus.sage.com/uk/sage200extra/accounts/v1/statement_layout_types,,application/json,sales.json
Sales,/statement_terms,GET,GetStatementTerms,Statement Terms,Statement Terms,Statement terms,,https://api.columbus.sage.com/uk/sage200extra/accounts/v1/statement_terms,,application/json,sales.json
Sop,/current_user_sop_user_permissions,GET,GetCurrentUserSOPUserPermission,Current User Invoice And Order User Permissions,Current User SOP User Permissions,Current user invoice and order user permissions,,https://api.columbus.sage.com/uk/sage200extra/accounts/v1/current_user_sop_user_permissions,,application/json,sop.json
Sop,/customers/{customerId}/sop_orders,GET,GetSOPOrdersForCustomer,Sales Orders For A Customer,SOP Orders,Sales orders for a customer,,https://api.columbus.sage.com/uk/sage200extra/accounts/v1/customers/{customerId}/sop_orders,,application/json,sop.json
Sop,/customers/{customerId}/sop_returns,GET,GetSOPReturnsForCustomer,Sales Returns For A Customer,SOP Returns,Sales returns for a customer,,https://api.columbus.sage.com/uk/sage200extra/accounts/v1/customers/{customerId}/sop_returns,,application/json,sop.json
Sop,/lookup_sop_orders,GET,GetLookupSOPOrders,Lookup Sales Orders,Lookup SOP Orders,Lookup Sales Orders,,https://api.columbus.sage.com/uk/sage200extra/accounts/v1/lookup_sop_orders,,application/json,sop.json
Sop,/lookup_sop_quotes,GET,GetLookupSOPQuotes,Lookup Sales Quotes,Lookup SOP Quotes,Lookup Sales Quotes,,https://api.columbus.sage.com/uk/sage200extra/accounts/v1/lookup_sop_quotes,,application/json,sop.json
Sop,/lookup_sop_returns,GET,GetLookupSOPReturns,Lookup Sales Returns,Lookup SOP Returns,Lookup Sales Returns,,https://api.columbus.sage.com/uk/sage200extra/accounts/v1/lookup_sop_returns,,application/json,sop.json
Sop,/order_line_item_types,GET,GetOrderLineItemTypes,Order Line Item Types,Order Line Item Types,Order line item types,,https://api.columbus.sage.com/uk/sage200extra/accounts/v1/order_line_item_types,,application/json,sop.json
Sop,/sop_additional_charges,GET,GetSOPAdditionalCharges,SOP Additional Charges,SOP Additional Charges,SOP additional charges,,https://api.columbus.sage.com/uk/sage200extra/accounts/v1/sop_additional_charges,,application/json,sop.json
Sop,/sop_additional_charges/{Id},GET,GetSOPAdditionalCharge,SOP Additional Charge,SOP Additional Charges,SOP additional charge,,https://api.columbus.sage.com/uk/sage200extra/accounts/v1/sop_additional_charges/{Id},,application/json,sop.json
Sop,/sop_allocation_line_views,GET,GetSOPAllocationLineViews,Sales Allocation Line Views,SOP Allocation Line Views,Sales Allocation Line Views,,https://api.columbus.sage.com/uk/sage200extra/accounts/v1/sop_allocation_line_views,,application/json,sop.json
Sop,/sop_back_to_back_status_types,GET,GetSOPBackToBackStatusTypes,SOP Back To Back Status Types,SOP Back To Back Status Types,SOP back to back status types,,https://api.columbus.sage.com/uk/sage200extra/accounts/v1/sop_back_to_back_status_types,,application/json,sop.json
Sop,/sop_cancelled_lines,GET,GetSOPCancelledLines,Cancelled Lines For Sales Orders And Returns,SOP Cancelled Lines,Cancelled lines for sales orders and returns,,https://api.columbus.sage.com/uk/sage200extra/accounts/v1/sop_cancelled_lines,,application/json,sop.json
Sop,/sop_cancelled_lines/{Id},GET,GetSOPCancelledLine,Cancelled Line For Sales Orders And Returns,SOP Cancelled Lines,Cancelled line for sales orders and returns,,https://api.columbus.sage.com/uk/sage200extra/accounts/v1/sop_cancelled_lines/{Id},,application/json,sop.json
Sop,/sop_confirm_despatch,GET,GetSOPConfirmDespatch,Sales Order Lines Available For Despatch,SOP Confirm Despatch,Sales order lines available for despatch,,https://api.columbus.sage.com/uk/sage200extra/accounts/v1/sop_confirm_despatch,,application/json,sop.json
Sop,/sop_confirm_despatch,POST,PostSOPConfirmDespatch,Sales Order Lines Available For Despatch,SOP Confirm Despatch,Sales order lines available for despatch,,https://api.columbus.sage.com/uk/sage200extra/accounts/v1/sop_confirm_despatch,application/json,application/json,sop.json
Sop,/sop_confirm_despatch_bin_items,POST,PostSOPConfirmDespatchBinItems,Sales Order Bin Items Available For Despatch,SOP Confirm Despatch Bin Items,Sales order bin items available for despatch,,https://api.columbus.sage.com/uk/sage200extra/accounts/v1/sop_confirm_despatch_bin_items,application/json,application/json,sop.json
Sop,/sop_confirm_despatch_traceable_items,POST,PostSOPConfirmDespatchTraceableItems,Sales Order Traceable Lines Available For Despatch,SOP Confirm Despatch Traceable Items,Sales order traceable lines available for despatch,,https://api.columbus.sage.com/uk/sage200extra/accounts/v1/sop_confirm_despatch_traceable_items,application/json,application/json,sop.json
Sop,/sop_confirmation_intent_types,GET,GetSOPConfirmationIntentTypes,Sales Order Confirmation Intent Types,SOP Confirmation Intent Types,Sales order confirmation intent types,,https://api.columbus.sage.com/uk/sage200extra/accounts/v1/sop_confirmation_intent_types,,application/json,sop.json
Sop,/sop_customer_types,GET,GetSOPCustomerTypes,SOP Customer Types,SOP Customer Types,SOP customer types,,https://api.columbus.sage.com/uk/sage200extra/accounts/v1/sop_customer_types,,application/json,sop.json
Sop,/sop_despatch_discrete_orders,GET,GetSOPDespatchDiscreteOrders,SOP Despatch Discrete Orders,SOP Despatch Discrete Orders,SOP despatch discrete orders,,https://api.columbus.sage.com/uk/sage200extra/accounts/v1/sop_despatch_discrete_orders,,application/json,sop.json
Sop,/sop_despatch_receipts,GET,GetSOPDespatchReceipts,SOP Despatch Receipts,SOP Despatch Receipts,SOP Despatch Receipts,,https://api.columbus.sage.com/uk/sage200extra/accounts/v1/sop_despatch_receipts,,application/json,sop.json
Sop,/sop_despatch_receipts/{Id},GET,GetSOPDespatchReceipt,SOP Despatch Receipt,SOP Despatch Receipts,SOP Despatch Receipt,,https://api.columbus.sage.com/uk/sage200extra/accounts/v1/sop_despatch_receipts/{Id},,application/json,sop.json
Sop,/sop_despatch_receipts/{Id},PUT,PutSOPDespatchReceipt,SOP Despatch Receipt,SOP Despatch Receipts,SOP Despatch Receipt,,https://api.columbus.sage.com/uk/sage200extra/accounts/v1/sop_despatch_receipts/{Id},application/json,application/json,sop.json
Sop,/sop_document_print_status_types,GET,GetSOPDocumentPrintStatusTypes,SOP Document Print Status Types,SOP Document Print Status Types,SOP document print status types,,https://api.columbus.sage.com/uk/sage200extra/accounts/v1/sop_document_print_status_types,,application/json,sop.json
Sop,/sop_document_process_status_types,GET,GetSOPDocumentProcessStatusTypes,SOP Document Process Status Types,SOP Document Process Status Types,SOP document process status types,,https://api.columbus.sage.com/uk/sage200extra/accounts/v1/sop_document_process_status_types,,application/json,sop.json
Sop,/sop_document_status_types,GET,GetSOPDocumentStatusTypes,SOP Document Status Types,SOP Document Status Types,SOP document status types,,https://api.columbus.sage.com/uk/sage200extra/accounts/v1/sop_document_status_types,,application/json,sop.json
Sop,/sop_document_types,GET,GetSOPDocumentTypes,Sales Document Types,SOP Document Types,Sales document types,,https://api.columbus.sage.com/uk/sage200extra/accounts/v1/sop_document_types,,application/json,sop.json
Sop,/sop_export_reasons,GET,GetSOPExportReasons,SOP Reasons For Export,SOP Export Reasons,SOP reasons for export,,https://api.columbus.sage.com/uk/sage200extra/accounts/v1/sop_export_reasons,,application/json,sop.json
Sop,/sop_export_reasons,POST,PostSOPExportReasons,SOP Reasons For Export,SOP Export Reasons,SOP reasons for export,,https://api.columbus.sage.com/uk/sage200extra/accounts/v1/sop_export_reasons,application/json,application/json,sop.json
Sop,/sop_export_reasons,PUT,PutSOPExportReasons,SOP Reasons For Export,SOP Export Reasons,SOP reasons for export,,https://api.columbus.sage.com/uk/sage200extra/accounts/v1/sop_export_reasons,application/json,application/json,sop.json
Sop,/sop_export_reasons/{Id},DELETE,DeleteSOPExportReason,SOP Reason For Export,SOP Export Reasons,SOP reason for export,,https://api.columbus.sage.com/uk/sage200extra/accounts/v1/sop_export_reasons/{Id},,application/json,sop.json
Sop,/sop_export_reasons/{Id},GET,GetSOPExportReason,SOP Reason For Export,SOP Export Reasons,SOP reason for export,,https://api.columbus.sage.com/uk/sage200extra/accounts/v1/sop_export_reasons/{Id},,application/json,sop.json
Sop,/sop_export_reasons/{Id},PUT,PutSOPExportReason,SOP Reason For Export,SOP Export Reasons,SOP reason for export,,https://api.columbus.sage.com/uk/sage200extra/accounts/v1/sop_export_reasons/{Id},application/json,application/json,sop.json
Sop,/sop_incoterms,GET,GetSOPIncoterms,SOP Incoterms,SOP Incoterms,SOP incoterms,,https://api.columbus.sage.com/uk/sage200extra/accounts/v1/sop_incoterms,,application/json,sop.json
Sop,/sop_incoterms,POST,PostSOPIncoterms,SOP Incoterms,SOP Incoterms,SOP incoterms,,https://api.columbus.sage.com/uk/sage200extra/accounts/v1/sop_incoterms,application/json,application/json,sop.json
Sop,/sop_incoterms,PUT,PutSOPIncoterms,SOP Incoterms,SOP Incoterms,SOP incoterms,,https://api.columbus.sage.com/uk/sage200extra/accounts/v1/sop_incoterms,application/json,application/json,sop.json
Sop,/sop_incoterms/{Id},DELETE,DeleteSOPIncoterm,SOP Incoterm,SOP Incoterms,SOP incoterm,,https://api.columbus.sage.com/uk/sage200extra/accounts/v1/sop_incoterms/{Id},,application/json,sop.json
Sop,/sop_incoterms/{Id},GET,GetSOPIncoterm,SOP Incoterm,SOP Incoterms,SOP incoterm,,https://api.columbus.sage.com/uk/sage200extra/accounts/v1/sop_incoterms/{Id},,application/json,sop.json
Sop,/sop_incoterms/{Id},PUT,PutSOPIncoterm,SOP Incoterm,SOP Incoterms,SOP incoterm,,https://api.columbus.sage.com/uk/sage200extra/accounts/v1/sop_incoterms/{Id},application/json,application/json,sop.json
Sop,/sop_intrastat_status_types,GET,GetSOPIntrastatStatusTypes,SOP Intrastat Status Types,SOP Intrastat Status Types,SOP intrastat status types,,https://api.columbus.sage.com/uk/sage200extra/accounts/v1/sop_intrastat_status_types,,application/json,sop.json
Sop,/sop_invoice_credit_types,GET,GetSOPInvoiceCreditTypes,SOP Invoice Credit Types,SOP Invoice Credit Types,SOP invoice credit types,,https://api.columbus.sage.com/uk/sage200extra/accounts/v1/sop_invoice_credit_types,,application/json,sop.json
Sop,/sop_order_despatch_line_views,GET,GetSOPOrderDespatchLineViews,SOP Despatch Line Views,SOP Order Despatch Line Views,SOP despatch line views,,https://api.columbus.sage.com/uk/sage200extra/accounts/v1/sop_order_despatch_line_views,,application/json,sop.json
Sop,/sop_order_despatch_views,GET,GetSOPOrderDespatchViews,SOP Despatch Note Views,SOP Order Despatch Views,SOP despatch note views,,https://api.columbus.sage.com/uk/sage200extra/accounts/v1/sop_order_despatch_views,,application/json,sop.json
Sop,/sop_order_entry_types,GET,GetSOPOrderEntryTypes,Sales Order Entry Types,SOP Order Entry Types,Sales order entry types,,https://api.columbus.sage.com/uk/sage200extra/accounts/v1/sop_order_entry_types,,application/json,sop.json
Sop,/sop_order_line_traceable_items,POST,PostSOPOrderLineTraceableItems,Sales Order Line Traceable Items,SOP Order Line Traceable Items,Sales order line traceable items,,https://api.columbus.sage.com/uk/sage200extra/accounts/v1/sop_order_line_traceable_items,application/json,application/json,sop.json
Sop,/sop_order_line_views,GET,GetSOPOrderLineViews,SOP Order Line Views,SOP Order Line Views,SOP order line views,,https://api.columbus.sage.com/uk/sage200extra/accounts/v1/sop_order_line_views,,application/json,sop.json
Sop,/sop_order_lines/{Id},GET,GetSOPOrderline,Sales Order Line,SOP Order Lines,Sales order line,,https://api.columbus.sage.com/uk/sage200extra/accounts/v1/sop_order_lines/{Id},,application/json,sop.json
Sop,/sop_order_payment_types,GET,GetSOPOrderPaymentTypes,SOP Order Payment Types,SOP Order Payment Types,SOP order payment types,,https://api.columbus.sage.com/uk/sage200extra/accounts/v1/sop_order_payment_types,,application/json,sop.json
Sop,/sop_order_return_invoice_credit_views,GET,GetSOPOrderInvoiceViews,Sales Order Return Invoice Credit Views,SOP Order Return Invoice Credit Views,Sales Order Return Invoice Credit Views,,https://api.columbus.sage.com/uk/sage200extra/accounts/v1/sop_order_return_invoice_credit_views,,application/json,sop.json
Sop,/sop_order_return_line_invoice_credit_views,GET,GetSOPOrderReturnLineInvoiceViews,Sales Order Return Line Invoice Credit Views,SOP Order Return Line Invoice Credit Views,Sales Order Return Line Invoice Credit Views,,https://api.columbus.sage.com/uk/sage200extra/accounts/v1/sop_order_return_line_invoice_credit_views,,application/json,sop.json
Sop,/sop_order_return_views,GET,GetSOPOrderReturnViews,SOP Order Return Views,SOP Order Return Views,SOP Order Return views,,https://api.columbus.sage.com/uk/sage200extra/accounts/v1/sop_order_return_views,,application/json,sop.json
Sop,/sop_orders,GET,GetSOPOrders,Sales Orders,SOP Orders,Sales orders,,https://api.columbus.sage.com/uk/sage200extra/accounts/v1/sop_orders,,application/json,sop.json
Sop,/sop_orders,POST,PostSOPOrder,Sales Orders,SOP Orders,Sales orders,,https://api.columbus.sage.com/uk/sage200extra/accounts/v1/sop_orders,application/json,application/json,sop.json
Sop,/sop_orders/{Id},DELETE,DeleteSOPOrder,Sales Order,SOP Orders,Sales order,,https://api.columbus.sage.com/uk/sage200extra/accounts/v1/sop_orders/{Id},,application/json,sop.json
Sop,/sop_orders/{Id},GET,GetSOPOrder,Sales Order,SOP Orders,Sales order,,https://api.columbus.sage.com/uk/sage200extra/accounts/v1/sop_orders/{Id},,application/json,sop.json
Sop,/sop_orders/{Id},PUT,PutSOPOrder,Sales Order,SOP Orders,Sales order,,https://api.columbus.sage.com/uk/sage200extra/accounts/v1/sop_orders/{Id},application/json,application/json,sop.json
Sop,/sop_orders/{sopOrderId}/sop_order_lines,GET,GetSOPOrderLinesForSOPOrder,Sales Order Lines For A Sales Order,SOP Order Lines,Sales order lines for a sales order,,https://api.columbus.sage.com/uk/sage200extra/accounts/v1/sop_orders/{sopOrderId}/sop_order_lines,,application/json,sop.json
Sop,/sop_orders/{sopOrderId}/sop_order_lines/{Id},GET,GetSOPOrderLineForSOPOrder,Sales Order Line From Sales Order,SOP Order Lines,Sales order line from sales order,,https://api.columbus.sage.com/uk/sage200extra/accounts/v1/sop_orders/{sopOrderId}/sop_order_lines/{Id},,application/json,sop.json
Sop,/sop_orders_duplicate,POST,PostSOPOrdersDuplicate,Duplicate Sales Order,SOP Orders Duplicate,Duplicate sales order,,https://api.columbus.sage.com/uk/sage200extra/accounts/v1/sop_orders_duplicate,application/json,application/json,sop.json
Sop,/sop_orders_new,POST,PostSOPOrdersNew,New Sales Order With Defaults,SOP Orders,New sales order with defaults,,https://api.columbus.sage.com/uk/sage200extra/accounts/v1/sop_orders_new,application/json,application/json,sop.json
Sop,/sop_orders_new/{Id},PUT,PutSOPOrderNew,New Sales Order With Defaults,SOP Orders,New sales order with defaults,,https://api.columbus.sage.com/uk/sage200extra/accounts/v1/sop_orders_new/{Id},application/json,application/json,sop.json
Sop,/sop_orders_status,POST,PostSOPOrdersStatus,SOP Orders Status,SOP Orders Status,SOP Orders Status,,https://api.columbus.sage.com/uk/sage200extra/accounts/v1/sop_orders_status,application/json,application/json,sop.json
Sop,/sop_payment_methods,GET,GetSOPPaymentMethods,SOP Payment Methods,SOP Payment Methods,SOP payment methods,,https://api.columbus.sage.com/uk/sage200extra/accounts/v1/sop_payment_methods,,application/json,sop.json
Sop,/sop_payment_methods/{Id},GET,GetSOPPaymentMethod,SOP Payment Method,SOP Payment Methods,SOP payment method,,https://api.columbus.sage.com/uk/sage200extra/accounts/v1/sop_payment_methods/{Id},,application/json,sop.json
Sop,/sop_proforma_line_views,GET,GetSOPProformaLineViews,SOP Pro Forma Line Views,SOP Pro Forma Line Views,SOP pro forma line views,,https://api.columbus.sage.com/uk/sage200extra/accounts/v1/sop_proforma_line_views,,application/json,sop.json
Sop,/sop_quote_line_views,GET,GetSOPQuoteLineViews,SOP Quote Line Views,SOP Quote Line Views,SOP quote line views,,https://api.columbus.sage.com/uk/sage200extra/accounts/v1/sop_quote_line_views,,application/json,sop.json
Sop,/sop_quote_views,GET,GetSOPQuoteViews,SOP Quote Views,SOP Quote Views,SOP quote views,,https://api.columbus.sage.com/uk/sage200extra/accounts/v1/sop_quote_views,,application/json,sop.json
Sop,/sop_quotes,GET,GetSOPQuotes,Sales Quotes,SOP Quotes,Sales quotes,,https://api.columbus.sage.com/uk/sage200extra/accounts/v1/sop_quotes,,application/json,sop.json
Sop,/sop_quotes,POST,PostSOPQuote,Sales Quotes,SOP Quotes,Sales quotes,,https://api.columbus.sage.com/uk/sage200extra/accounts/v1/sop_quotes,application/json,application/json,sop.json
Sop,/sop_quotes/{Id},DELETE,DeleteSOPQuote,Sales Quote,SOP Quotes,Sales quote,,https://api.columbus.sage.com/uk/sage200extra/accounts/v1/sop_quotes/{Id},,application/json,sop.json
Sop,/sop_quotes/{Id},GET,GetSOPQuote,Sales Quote,SOP Quotes,Sales quote,,https://api.columbus.sage.com/uk/sage200extra/accounts/v1/sop_quotes/{Id},,application/json,sop.json
Sop,/sop_quotes/{Id},PUT,PutSOPQuote,Sales Quote,SOP Quotes,Sales quote,,https://api.columbus.sage.com/uk/sage200extra/accounts/v1/sop_quotes/{Id},application/json,application/json,sop.json
Sop,/sop_quotes_duplicate,POST,PostSOPQuotesDuplicate,Duplicate Sales Quote,SOP Quotes Duplicate,Duplicate sales quote,,https://api.columbus.sage.com/uk/sage200extra/accounts/v1/sop_quotes_duplicate,application/json,application/json,sop.json
Sop,/sop_quotes_new,POST,PostSOPQuotesNew,New Sales Quote With Defaults,SOP Quotes,New sales quote with defaults,,https://api.columbus.sage.com/uk/sage200extra/accounts/v1/sop_quotes_new,application/json,application/json,sop.json
Sop,/sop_quotes_new/{Id},PUT,PutSOPQuoteNew,New Sales Quote With Defaults,SOP Quotes,New sales quote with defaults,,https://api.columbus.sage.com/uk/sage200extra/accounts/v1/sop_quotes_new/{Id},application/json,application/json,sop.json
Sop,/sop_return_line_views,GET,GetSOPReturnLineViews,SOP Return Line Views,SOP Return Line Views,SOP return line views,,https://api.columbus.sage.com/uk/sage200extra/accounts/v1/sop_return_line_views,,application/json,sop.json
Sop,/sop_return_receipt_line_views,GET,GetSOPReturnReceiptLineViews,SOP Receipt Line Views,SOP Return Receipt Line Views,SOP receipt line views,,https://api.columbus.sage.com/uk/sage200extra/accounts/v1/sop_return_receipt_line_views,,application/json,sop.json
Sop,/sop_returns,GET,GetSOPReturns,Sales Returns,SOP Returns,Sales returns,,https://api.columbus.sage.com/uk/sage200extra/accounts/v1/sop_returns,,application/json,sop.json
Sop,/sop_returns,POST,PostSOPReturn,Sales Returns,SOP Returns,Sales returns,,https://api.columbus.sage.com/uk/sage200extra/accounts/v1/sop_returns,application/json,application/json,sop.json
Sop,/sop_returns/{Id},DELETE,DeleteSOPReturn,Sales Return,SOP Returns,Sales return,,https://api.columbus.sage.com/uk/sage200extra/accounts/v1/sop_returns/{Id},,application/json,sop.json
Sop,/sop_returns/{Id},GET,GetSOPReturn,Sales Return,SOP Returns,Sales return,,https://api.columbus.sage.com/uk/sage200extra/accounts/v1/sop_returns/{Id},,application/json,sop.json
Sop,/sop_returns/{Id},PUT,PutSOPReturn,Sales Return,SOP Returns,Sales return,,https://api.columbus.sage.com/uk/sage200extra/accounts/v1/sop_returns/{Id},application/json,application/json,sop.json
Sop,/sop_returns_duplicate,POST,PostSOPReturnsDuplicate,Duplicate Sales Return,SOP Returns Duplicate,Duplicate sales return,,https://api.columbus.sage.com/uk/sage200extra/accounts/v1/sop_returns_duplicate,application/json,application/json,sop.json
Sop,/sop_returns_new,POST,PostSOPReturnsNew,New Sales Return With Defaults,SOP Returns,New sales return with defaults,,https://api.columbus.sage.com/uk/sage200extra/accounts/v1/sop_returns_new,application/json,application/json,sop.json
Sop,/sop_returns_new/{Id},PUT,PutSOPReturnNew,New Sales Return With Defaults,SOP Returns,New sales return with defaults,,https://api.columbus.sage.com/uk/sage200extra/accounts/v1/sop_returns_new/{Id},application/json,application/json,sop.json
Sop,/sop_returns_status,POST,PostSOPReturnsStatus,SOP Returns Status,SOP Returns Status,SOP Returns Status,,https://api.columbus.sage.com/uk/sage200extra/accounts/v1/sop_returns_status,application/json,application/json,sop.json
Sop,/sop_settings,GET,GetSOPSettings,SOP Settings,SOP Settings,SOP settings,,https://api.columbus.sage.com/uk/sage200extra/accounts/v1/sop_settings,,application/json,sop.json
Sop,/sop_settings/{Id},GET,GetSOPSetting,SOP Setting,SOP Settings,SOP setting,,https://api.columbus.sage.com/uk/sage200extra/accounts/v1/sop_settings/{Id},,application/json,sop.json
Sop,/sop_show_on_picking_list_types,GET,GetSOPShowOnPickingListTypes,SOP Show On Picking List Types,SOP Show On Picking List Types,SOP show on picking list types,,https://api.columbus.sage.com/uk/sage200extra/accounts/v1/sop_show_on_picking_list_types,,application/json,sop.json
Sop,/sop_trade_line_status_types,GET,GetSOPTradeLineStatusTypes,Trade Line Status Types,SOP Trade Line Status Types,Trade line status types,,https://api.columbus.sage.com/uk/sage200extra/accounts/v1/sop_trade_line_status_types,,application/json,sop.json
Sop,/sop_user_permissions,GET,GetSOPUserPermissions,Invoice And Order User Permissions,SOP User Permissions,Invoice and order user permissions,,https://api.columbus.sage.com/uk/sage200extra/accounts/v1/sop_user_permissions,,application/json,sop.json
Sop,/sop_user_permissions/{Id},GET,GetSOPUserPermission,Invoice And Order Permissions For A Single User,SOP User Permissions,Invoice and order permissions for a single user,,https://api.columbus.sage.com/uk/sage200extra/accounts/v1/sop_user_permissions/{Id},,application/json,sop.json
Sop,/suggested_products,POST,SuggestedProducts,Suggested Products,Suggested Products,Suggested products,,https://api.columbus.sage.com/uk/sage200extra/accounts/v1/suggested_products,application/json,application/json,sop.json
Stock,/alternative_product_views,GET,GetAlternativeProductViews,Alternative Product Views,Alternative Product Views,Alternative Product views,,https://api.columbus.sage.com/uk/sage200extra/accounts/v1/alternative_product_views,,application/json,stock.json
Stock,/alternative_products,GET,GetAlternativeProducts,Alternative Products,Alternative Products,Alternative products,,https://api.columbus.sage.com/uk/sage200extra/accounts/v1/alternative_products,,application/json,stock.json
Stock,/alternative_products,POST,PostAlternativeProduct,Alternative Products,Alternative Products,Alternative products,,https://api.columbus.sage.com/uk/sage200extra/accounts/v1/alternative_products,application/json,application/json,stock.json
Stock,/alternative_products/{Id},DELETE,DeleteAlternativeProduct,Alternative Product,Alternative Products,Alternative product,,https://api.columbus.sage.com/uk/sage200extra/accounts/v1/alternative_products/{Id},,application/json,stock.json
Stock,/alternative_products/{Id},GET,GetAlternativeProduct,Alternative Product,Alternative Products,Alternative product,,https://api.columbus.sage.com/uk/sage200extra/accounts/v1/alternative_products/{Id},,application/json,stock.json
Stock,/alternative_products/{Id},PUT,PutAlternativeProduct,Alternative Product,Alternative Products,Alternative product,,https://api.columbus.sage.com/uk/sage200extra/accounts/v1/alternative_products/{Id},application/json,application/json,stock.json
Stock,/applies_to_status_types,GET,GetAppliesToStatusTypes,Applies To Status Types,Applies To Status Types,Applies to status types,,https://api.columbus.sage.com/uk/sage200extra/accounts/v1/applies_to_status_types,,application/json,stock.json
Stock,/auto_generate_option_types,GET,GetAutoGenerateOptionTypes,Auto Generate Option Types,Auto Generate Option Types,Auto generate option types,,https://api.columbus.sage.com/uk/sage200extra/accounts/v1/auto_generate_option_types,,application/json,stock.json
Stock,/auto_generate_separators,GET,GetAutoGenerateSeparators,Auto Generate Separators,Auto Generate Separators,Auto generate separators,,https://api.columbus.sage.com/uk/sage200extra/accounts/v1/auto_generate_separators,,application/json,stock.json
Stock,/auto_generate_separators/{Id},GET,GetAutoGenerateSeparator,Auto Generate Separator,Auto Generate Separators,Auto generate separator,,https://api.columbus.sage.com/uk/sage200extra/accounts/v1/auto_generate_separators/{Id},,application/json,stock.json
Stock,/bin_holdings,GET,GetBinHoldings,Bin Holdings,Bin Holdings,Bin holdings,,https://api.columbus.sage.com/uk/sage200extra/accounts/v1/bin_holdings,,application/json,stock.json
Stock,/bin_holdings,POST,PostBinHolding,Bin Holdings,Bin Holdings,Bin holdings,,https://api.columbus.sage.com/uk/sage200extra/accounts/v1/bin_holdings,application/json,application/json,stock.json
Stock,/bin_holdings/{Id},DELETE,DeleteBinHolding,Bin Holding,Bin Holdings,Bin holding,,https://api.columbus.sage.com/uk/sage200extra/accounts/v1/bin_holdings/{Id},,application/json,stock.json
Stock,/bin_holdings/{Id},GET,GetBinHolding,Bin Holding,Bin Holdings,Bin holding,,https://api.columbus.sage.com/uk/sage200extra/accounts/v1/bin_holdings/{Id},,application/json,stock.json
Stock,/bin_holdings/{Id},PUT,PutBinHolding,Bin Holding,Bin Holdings,Bin holding,,https://api.columbus.sage.com/uk/sage200extra/accounts/v1/bin_holdings/{Id},application/json,application/json,stock.json
Stock,/bom_cost_heading_types,GET,GetBomCostHeadingTypes,BOM Cost Heading Types,Bom Cost Heading Types,BOM Cost Heading Types,,https://api.columbus.sage.com/uk/sage200extra/accounts/v1/bom_cost_heading_types,,application/json,stock.json
Stock,/bom_cost_headings,GET,GetBomCostHeadings,BOM Cost Headings,Bom Cost Headings,BOM Cost Headings,,https://api.columbus.sage.com/uk/sage200extra/accounts/v1/bom_cost_headings,,application/json,stock.json
Stock,/bom_cost_headings/{Id},GET,GetBomCostHeading,BOM Cost Heading,Bom Cost Headings,BOM Cost Heading,,https://api.columbus.sage.com/uk/sage200extra/accounts/v1/bom_cost_headings/{Id},,application/json,stock.json
Stock,/bom_item_types,GET,GetBOMItemTypes,Bill Of Materials Item Types,Bom Item Types,Bill of materials item types,,https://api.columbus.sage.com/uk/sage200extra/accounts/v1/bom_item_types,,application/json,stock.json
Stock,/costing_method_types,GET,GetCostingMethodTypes,Costing Method Types,Costing Method Types,Costing method types,,https://api.columbus.sage.com/uk/sage200extra/accounts/v1/costing_method_types,,application/json,stock.json
Stock,/cross_sell_product_views,GET,GetCrossSellProductViews,Cross Sell Product Views,Cross Sell Product Views,Cross Sell Product views,,https://api.columbus.sage.com/uk/sage200extra/accounts/v1/cross_sell_product_views,,application/json,stock.json
Stock,/cross_sell_products,GET,GetCrossSellProducts,Cross Sell Products,Cross Sell Products,Cross sell products,,https://api.columbus.sage.com/uk/sage200extra/accounts/v1/cross_sell_products,,application/json,stock.json
Stock,/cross_sell_products,POST,PostCrossSellProduct,Cross Sell Products,Cross Sell Products,Cross sell products,,https://api.columbus.sage.com/uk/sage200extra/accounts/v1/cross_sell_products,application/json,application/json,stock.json
Stock,/cross_sell_products/{Id},DELETE,DeleteCrossSellProduct,Cross Sell Product,Cross Sell Products,Cross sell product,,https://api.columbus.sage.com/uk/sage200extra/accounts/v1/cross_sell_products/{Id},,application/json,stock.json
Stock,/cross_sell_products/{Id},GET,GetCrossSellProduct,Cross Sell Product,Cross Sell Products,Cross sell product,,https://api.columbus.sage.com/uk/sage200extra/accounts/v1/cross_sell_products/{Id},,application/json,stock.json
Stock,/cross_sell_products/{Id},PUT,PutCrossSellProduct,Cross Sell Product,Cross Sell Products,Cross sell product,,https://api.columbus.sage.com/uk/sage200extra/accounts/v1/cross_sell_products/{Id},application/json,application/json,stock.json
Stock,/discrepancy_status_types,GET,GetDiscrepancyStatusTypes,Discrepancy Status Types,Discrepancy Status Types,Discrepancy status types,,https://api.columbus.sage.com/uk/sage200extra/accounts/v1/discrepancy_status_types,,application/json,stock.json
Stock,/entry_source_types,GET,GetEntrySourceTypes,Entry Source Types,Entry Source Types,Entry source types,,https://api.columbus.sage.com/uk/sage200extra/accounts/v1/entry_source_types,,application/json,stock.json
Stock,/fulfilment_method_types,GET,GetFulfilmentMethodTypes,Fulfilment Method Types,Fulfilment Method Types,Fulfilment method types,,https://api.columbus.sage.com/uk/sage200extra/accounts/v1/fulfilment_method_types,,application/json,stock.json
Stock,/fulfilment_sequence_types,GET,GetFulfilmentSequenceTypes,Fulfilment Sequence Types,Fulfilment Sequence Types,Fulfilment sequence types,,https://api.columbus.sage.com/uk/sage200extra/accounts/v1/fulfilment_sequence_types,,application/json,stock.json
Stock,/internal_areas,GET,GetInternalAreas,Internal Areas,Internal Areas,Internal areas,,https://api.columbus.sage.com/uk/sage200extra/accounts/v1/internal_areas,,application/json,stock.json
Stock,/internal_areas/{Id},GET,GetInternalArea,Internal Area,Internal Areas,Internal area,,https://api.columbus.sage.com/uk/sage200extra/accounts/v1/internal_areas/{Id},,application/json,stock.json
Stock,/label_printing_option_types,GET,GetLabelPrintingOptionTypes,Label Printing Option Types,Label Printing Option Types,Label printing option types,,https://api.columbus.sage.com/uk/sage200extra/accounts/v1/label_printing_option_types,,application/json,stock.json
Stock,/landed_costs_types,GET,GetLandedCostsTypes,Landed Costs Types,Landed Costs Types,Landed costs types,,https://api.columbus.sage.com/uk/sage200extra/accounts/v1/landed_costs_types,,application/json,stock.json
Stock,/lookup_product_groups,GET,GetLookupProductGroups,Lookup Product Groups,Lookup Product Groups,Lookup Product Groups,,https://api.columbus.sage.com/uk/sage200extra/accounts/v1/lookup_product_groups,,application/json,stock.json
Stock,/lookup_products,GET,GetLookupProducts,Lookup Products,Lookup Products,Lookup Products,,https://api.columbus.sage.com/uk/sage200extra/accounts/v1/lookup_products,,application/json,stock.json
Stock,/lookup_stock_item_units,GET,GetLookupStockItemUnits,Lookup Stock Item Units,Lookup Stock Item Units,Lookup Stock Item Units,,https://api.columbus.sage.com/uk/sage200extra/accounts/v1/lookup_stock_item_units,,application/json,stock.json
Stock,/pricing_source_types,GET,GetPricingSourceTypes,Pricing Source Types,Pricing Source Types,Pricing source types,,https://api.columbus.sage.com/uk/sage200extra/accounts/v1/pricing_source_types,,application/json,stock.json
Stock,/product_customer_alert_views,GET,GetProductCustomerAlertViews,Product Customer Alert Views,Product Customer Alert Views,Product customer alert views,,https://api.columbus.sage.com/uk/sage200extra/accounts/v1/product_customer_alert_views,,application/json,stock.json
Stock,/product_group_search_category_values,GET,GetProductGroupSearchCategoryValues,Product Group Search Category Values,Product Group Search Category Values,Product group search category values,,https://api.columbus.sage.com/uk/sage200extra/accounts/v1/product_group_search_category_values,,application/json,stock.json
Stock,/product_groups,GET,GetProductGroups,Product Groups,Product Groups,Product groups,,https://api.columbus.sage.com/uk/sage200extra/accounts/v1/product_groups,,application/json,stock.json
Stock,/product_groups/{Id},GET,GetProductGroup,Product Group,Product Groups,Product group,,https://api.columbus.sage.com/uk/sage200extra/accounts/v1/product_groups/{Id},,application/json,stock.json
Stock,/product_groups/{productGroupId}/products,GET,GetProductsForProductGroup,Products For Product Group,Products,Products for product group,,https://api.columbus.sage.com/uk/sage200extra/accounts/v1/product_groups/{productGroupId}/products,,application/json,stock.json
Stock,/product_memos,GET,GetProductMemos,Product Memos,Product Memos,Product memos,,https://api.columbus.sage.com/uk/sage200extra/accounts/v1/product_memos,,application/json,stock.json
Stock,/product_memos,POST,PostProductMemo,Product Memos,Product Memos,Product memos,,https://api.columbus.sage.com/uk/sage200extra/accounts/v1/product_memos,application/json,application/json,stock.json
Stock,/product_memos/{Id},DELETE,DeleteProductMemo,Product Memo,Product Memos,Product memo,,https://api.columbus.sage.com/uk/sage200extra/accounts/v1/product_memos/{Id},,application/json,stock.json
Stock,/product_memos/{Id},GET,GetProductMemo,Product Memo,Product Memos,Product memo,,https://api.columbus.sage.com/uk/sage200extra/accounts/v1/product_memos/{Id},,application/json,stock.json
Stock,/product_memos/{Id},PUT,PutProductMemo,Product Memo,Product Memos,Product memo,,https://api.columbus.sage.com/uk/sage200extra/accounts/v1/product_memos/{Id},application/json,application/json,stock.json
Stock,/product_purchase_figures/{Id},GET,GetProductPurchaseFigures,Product Purchase Figure,Product Purchase Figures,Product purchase figure,,https://api.columbus.sage.com/uk/sage200extra/accounts/v1/product_purchase_figures/{Id},,application/json,stock.json
Stock,/product_sales_figures/{Id},GET,GetProductSalesFigures,Product Sales Figure,Product Sales Figures,Product sales figure,,https://api.columbus.sage.com/uk/sage200extra/accounts/v1/product_sales_figures/{Id},,application/json,stock.json
Stock,/product_search,POST,PostProductSearch,Product Search,Product Search,Product search,,https://api.columbus.sage.com/uk/sage200extra/accounts/v1/product_search,application/json,application/json,stock.json
Stock,/product_search_types,GET,GetProductSearchTypes,Product Search Types,Product Search Types,Product search types,,https://api.columbus.sage.com/uk/sage200extra/accounts/v1/product_search_types,,application/json,stock.json
Stock,/product_status_types,GET,GetProductStatusTypes,Product Status Types,Product Status Types,Product status types,,https://api.columbus.sage.com/uk/sage200extra/accounts/v1/product_status_types,,application/json,stock.json
Stock,/product_supplier_alert_views,GET,GetProductSupplierAlertViews,Product Supplier Alert Views,Product Supplier Alert Views,Product supplier alert views,,https://api.columbus.sage.com/uk/sage200extra/accounts/v1/product_supplier_alert_views,,application/json,stock.json
Stock,/product_suppliers,GET,GetProductSuppliers,Product Suppliers,Product Suppliers,Product suppliers,,https://api.columbus.sage.com/uk/sage200extra/accounts/v1/product_suppliers,,application/json,stock.json
Stock,/product_suppliers,POST,PostProductSupplier,Product Suppliers,Product Suppliers,Product suppliers,,https://api.columbus.sage.com/uk/sage200extra/accounts/v1/product_suppliers,application/json,application/json,stock.json
Stock,/product_suppliers/{Id},DELETE,DeleteProductSupplier,Product Supplier,Product Suppliers,Product supplier,,https://api.columbus.sage.com/uk/sage200extra/accounts/v1/product_suppliers/{Id},,application/json,stock.json
Stock,/product_suppliers/{Id},GET,GetProductSupplier,Product Supplier,Product Suppliers,Product supplier,,https://api.columbus.sage.com/uk/sage200extra/accounts/v1/product_suppliers/{Id},,application/json,stock.json
Stock,/product_suppliers/{Id},PUT,PutProductSupplier,Product Supplier,Product Suppliers,Product supplier,,https://api.columbus.sage.com/uk/sage200extra/accounts/v1/product_suppliers/{Id},application/json,application/json,stock.json
Stock,/product_transaction_group_types,GET,GetProductTransactionGroupTypes,Product Transaction Group Types,Product Transaction Group Types,Product transaction group types,,https://api.columbus.sage.com/uk/sage200extra/accounts/v1/product_transaction_group_types,,application/json,stock.json
Stock,/product_transaction_types,GET,GetProductTransactionTypes,Product Transaction Types,Product Transaction Types,Product transaction types,,https://api.columbus.sage.com/uk/sage200extra/accounts/v1/product_transaction_types,,application/json,stock.json
Stock,/product_transaction_views,GET,GetProductTransactionViews,Product Transaction Views,Product Transaction Views,Product transaction views,,https://api.columbus.sage.com/uk/sage200extra/accounts/v1/product_transaction_views,,application/json,stock.json
Stock,/product_transactions/{traceableHistoryId}/traceable_item_transactions,GET,GetTransactionsForTraceableHistory,Traceable Item Details For A Product Traceable History Record,Traceable Item Transactions,Traceable item details for a product traceable history record,TRUE,https://api.columbus.sage.com/uk/sage200extra/accounts/v1/product_transactions/{traceableHistoryId}/traceable_item_transactions,,application/json,stock.json
Stock,/product_types,GET,GetProductTypes,Product Types,Product Types,Product types,,https://api.columbus.sage.com/uk/sage200extra/accounts/v1/product_types,,application/json,stock.json
Stock,/product_views,GET,GetProductViews,Product Views,Product Views,Product views,,https://api.columbus.sage.com/uk/sage200extra/accounts/v1/product_views,,application/json,stock.json
Stock,/product_warehouse_bin_views,GET,GetProductWarehouseBinViews,Warehouses And Bins For A Product View,Product Warehouse Bin Views,Warehouses and Bins for a product view,,https://api.columbus.sage.com/uk/sage200extra/accounts/v1/product_warehouse_bin_views,,application/json,stock.json
Stock,/product_warehouse_views,GET,GetProductWarehouseViews,Warehouses For A Product View,Product Warehouse Views,Warehouses for a product view,,https://api.columbus.sage.com/uk/sage200extra/accounts/v1/product_warehouse_views,,application/json,stock.json
Stock,/products,GET,GetProducts,Products,Products,Products,,https://api.columbus.sage.com/uk/sage200extra/accounts/v1/products,,application/json,stock.json
Stock,/products,POST,PostProduct,Products,Products,Products,,https://api.columbus.sage.com/uk/sage200extra/accounts/v1/products,application/json,application/json,stock.json
Stock,/products/{Id},DELETE,DeleteProduct,Product,Products,Product,,https://api.columbus.sage.com/uk/sage200extra/accounts/v1/products/{Id},,application/json,stock.json
Stock,/products/{Id},GET,GetProduct,Product,Products,Product,,https://api.columbus.sage.com/uk/sage200extra/accounts/v1/products/{Id},,application/json,stock.json
Stock,/products/{Id},PUT,PutProduct,Product,Products,Product,,https://api.columbus.sage.com/uk/sage200extra/accounts/v1/products/{Id},application/json,application/json,stock.json
Stock,/products/{productId}/bin_holdings,GET,GetBinHoldingsForProduct,Bin Holdings For Product,Bin Holdings,Bin holdings for product,,https://api.columbus.sage.com/uk/sage200extra/accounts/v1/products/{productId}/bin_holdings,,application/json,stock.json
Stock,/products/{productId}/warehouse_holdings,GET,GetWarehouseHoldingsForProduct,Warehouse Holdings For Product,Warehouse Holdings,Warehouse holdings for product,,https://api.columbus.sage.com/uk/sage200extra/accounts/v1/products/{productId}/warehouse_holdings,,application/json,stock.json
Stock,/products/{productId}/warehouses,GET,GetWarehousesForProduct,Warehouses For A Product,Warehouses,Warehouses for a product,,https://api.columbus.sage.com/uk/sage200extra/accounts/v1/products/{productId}/warehouses,,application/json,stock.json
Stock,/products/{productId}/warehouses/{warehouseId}/warehouse_holdings,GET,GetWarehouseHoldingsForProductAndWarehouse,Warehouse Holdings For Product And Warehouse,Warehouse Holdings,Warehouse holdings for product and warehouse,,https://api.columbus.sage.com/uk/sage200extra/accounts/v1/products/{productId}/warehouses/{warehouseId}/warehouse_holdings,,application/json,stock.json
Stock,/products_duplicate,POST,DuplicateProduct,Duplicate Product,Products Duplicate,Duplicate product,,https://api.columbus.sage.com/uk/sage200extra/accounts/v1/products_duplicate,application/json,application/json,stock.json
Stock,/search_categories,GET,GetSearchCategories,Search Categories,Search Categories,Search categories,,https://api.columbus.sage.com/uk/sage200extra/accounts/v1/search_categories,,application/json,stock.json
Stock,/search_categories/{Id},GET,GetSearchCategory,Search Category,Search Categories,Search category,,https://api.columbus.sage.com/uk/sage200extra/accounts/v1/search_categories/{Id},,application/json,stock.json
Stock,/search_values,GET,GetSearchValues,Search Values,Search Values,Search values,,https://api.columbus.sage.com/uk/sage200extra/accounts/v1/search_values,,application/json,stock.json
Stock,/search_values/{Id},GET,GetSearchValue,Search Value,Search Values,Search value,,https://api.columbus.sage.com/uk/sage200extra/accounts/v1/search_values/{Id},,application/json,stock.json
Stock,/serial_allocated_to_who_types,GET,GetSerialAllocatedToWhoTypes,Serial Allocated To Who Types,Serial Allocated To Who Types,Serial allocated to who types,,https://api.columbus.sage.com/uk/sage200extra/accounts/v1/serial_allocated_to_who_types,,application/json,stock.json
Stock,/source_area_types,GET,GetSourceAreaTypes,Source Area Types,Source Area Types,Source area types,,https://api.columbus.sage.com/uk/sage200extra/accounts/v1/source_area_types,,application/json,stock.json
Stock,/stock_settings,GET,GetStockSettings,Stock Settings,Stock Settings,Stock settings,,https://api.columbus.sage.com/uk/sage200extra/accounts/v1/stock_settings,,application/json,stock.json
Stock,/stock_settings/{Id},GET,GetStockSetting,Stock Setting,Stock Settings,Stock setting,,https://api.columbus.sage.com/uk/sage200extra/accounts/v1/stock_settings/{Id},,application/json,stock.json
Stock,/stock_transfer_traceable_items,POST,PostStockTransferTraceableItems,Stock Transfer - Get Traceable Items,Stock Transfer Traceable Items,Stock transfer - Get Traceable Items,,https://api.columbus.sage.com/uk/sage200extra/accounts/v1/stock_transfer_traceable_items,application/json,application/json,stock.json
Stock,/stock_transfers,POST,PostStockTransfers,Stock Transfers,Stock Transfers,Stock transfers,,https://api.columbus.sage.com/uk/sage200extra/accounts/v1/stock_transfers,application/json,application/json,stock.json
Stock,/stocktake_amend_items,POST,PostStocktakeAmendItems,Stocktake Amend Items,Stocktake Amend Items,Stocktake amend items,,https://api.columbus.sage.com/uk/sage200extra/accounts/v1/stocktake_amend_items,application/json,application/json,stock.json
Stock,/stocktake_approve_complete,POST,PostStocktakeApproveComplete,Stocktake Approve And Complete,Stocktake Approve Complete,Stocktake approve and complete,,https://api.columbus.sage.com/uk/sage200extra/accounts/v1/stocktake_approve_complete,application/json,application/json,stock.json
Stock,/stocktake_count_sheet_items/{Id},GET,GetStocktakeCountSheetItems,Stocktake Count Sheet Item,Stocktake Count Sheet Items,Stocktake count sheet item,,https://api.columbus.sage.com/uk/sage200extra/accounts/v1/stocktake_count_sheet_items/{Id},,application/json,stock.json
Stock,/stocktake_count_sheet_items/{Id},PUT,PutStocktakeCountSheetItems,Stocktake Count Sheet Item,Stocktake Count Sheet Items,Stocktake count sheet item,,https://api.columbus.sage.com/uk/sage200extra/accounts/v1/stocktake_count_sheet_items/{Id},application/json,application/json,stock.json
Stock,/stocktake_criteria_templates,GET,GetStocktakeCriteriaTemplates,Stocktake Criteria Templates,Stocktake Criteria Templates,Stocktake criteria templates,,https://api.columbus.sage.com/uk/sage200extra/accounts/v1/stocktake_criteria_templates,,application/json,stock.json
Stock,/stocktake_criteria_templates,POST,PostStocktakeCriteriaTemplate,Stocktake Criteria Templates,Stocktake Criteria Templates,Stocktake criteria templates,,https://api.columbus.sage.com/uk/sage200extra/accounts/v1/stocktake_criteria_templates,application/json,application/json,stock.json
Stock,/stocktake_criteria_templates/{Id},DELETE,DeleteStocktakeCriteriaTemplate,Stocktake Criteria Template,Stocktake Criteria Templates,Stocktake criteria template,,https://api.columbus.sage.com/uk/sage200extra/accounts/v1/stocktake_criteria_templates/{Id},,application/json,stock.json
Stock,/stocktake_criteria_templates/{Id},GET,GetStocktakeCriteriaTemplate,Stocktake Criteria Template,Stocktake Criteria Templates,Stocktake criteria template,,https://api.columbus.sage.com/uk/sage200extra/accounts/v1/stocktake_criteria_templates/{Id},,application/json,stock.json
Stock,/stocktake_criteria_templates/{Id},PUT,PutStocktakeCriteriaTemplate,Stocktake Criteria Template,Stocktake Criteria Templates,Stocktake criteria template,,https://api.columbus.sage.com/uk/sage200extra/accounts/v1/stocktake_criteria_templates/{Id},application/json,application/json,stock.json
Stock,/stocktake_enter_values,POST,PostStocktakeEnterValues,Stocktake Enter Values,Stocktake Enter Values,Stocktake enter values,,https://api.columbus.sage.com/uk/sage200extra/accounts/v1/stocktake_enter_values,application/json,application/json,stock.json
Stock,/stocktake_new_items,POST,PostStocktakeNewItems,Stocktake New Items,Stocktake New Items,Stocktake new items,,https://api.columbus.sage.com/uk/sage200extra/accounts/v1/stocktake_new_items,application/json,application/json,stock.json
Stock,/stocktake_selector_value_types,GET,GetStocktakeSelectorValueTypes,Stocktake Selector Value Types,Stocktake Selector Value Types,Stocktake selector value types,,https://api.columbus.sage.com/uk/sage200extra/accounts/v1/stocktake_selector_value_types,,application/json,stock.json
Stock,/stocktake_status_types,GET,GetStocktakeStatusTypes,Stocktake Status Types,Stocktake Status Types,Stocktake status types,,https://api.columbus.sage.com/uk/sage200extra/accounts/v1/stocktake_status_types,,application/json,stock.json
Stock,/stocktake_traceable_types,GET,GetStocktakeTraceableTypes,Stocktake Traceable Types,Stocktake Traceable Types,Stocktake traceable types,,https://api.columbus.sage.com/uk/sage200extra/accounts/v1/stocktake_traceable_types,,application/json,stock.json
Stock,/stocktake_types,GET,GetStocktakeTypes,Stocktake Types,Stocktake Types,Stocktake types,,https://api.columbus.sage.com/uk/sage200extra/accounts/v1/stocktake_types,,application/json,stock.json
Stock,/stocktake_view_adjustments,POST,PostStocktakeViewAdjustments,Stocktake View Adjustments,Stocktake View Adjustments,Stocktake view adjustments,,https://api.columbus.sage.com/uk/sage200extra/accounts/v1/stocktake_view_adjustments,application/json,application/json,stock.json
Stock,/stocktake_views,GET,GetStocktakeViews,Stocktake Views,Stocktake Views,Stocktake views,,https://api.columbus.sage.com/uk/sage200extra/accounts/v1/stocktake_views,,application/json,stock.json
Stock,/stocktakes,GET,GetStocktakes,Stocktakes,Stocktakes,Stocktakes,,https://api.columbus.sage.com/uk/sage200extra/accounts/v1/stocktakes,,application/json,stock.json
Stock,/stocktakes,POST,PostStocktake,Stocktakes,Stocktakes,Stocktakes,,https://api.columbus.sage.com/uk/sage200extra/accounts/v1/stocktakes,application/json,application/json,stock.json
Stock,/stocktakes/{Id},DELETE,DeleteStocktake,Stocktake,Stocktakes,Stocktake,,https://api.columbus.sage.com/uk/sage200extra/accounts/v1/stocktakes/{Id},,application/json,stock.json
Stock,/stocktakes/{Id},GET,GetStocktake,Stocktake,Stocktakes,Stocktake,,https://api.columbus.sage.com/uk/sage200extra/accounts/v1/stocktakes/{Id},,application/json,stock.json
Stock,/stocktakes/{Id},PUT,PutStocktake,Stocktake,Stocktakes,Stocktake,,https://api.columbus.sage.com/uk/sage200extra/accounts/v1/stocktakes/{Id},application/json,application/json,stock.json
Stock,/traceable_bin_items/{traceableBinItemId}/traceable_item_allocations,GET,GetAllocationsForTraceableBinItem,Allocation Records For A Traceable Bin Item,Traceable Item Allocations,Allocation records for a traceable bin item,,https://api.columbus.sage.com/uk/sage200extra/accounts/v1/traceable_bin_items/{traceableBinItemId}/traceable_item_allocations,,application/json,stock.json
Stock,/traceable_issue_status_types,GET,GetTraceableIssueStatusTypes,Traceable Issue Status Types,Traceable Issue Status Types,Traceable issue status types,,https://api.columbus.sage.com/uk/sage200extra/accounts/v1/traceable_issue_status_types,,application/json,stock.json
Stock,/traceable_items/{traceableItemId}/traceable_item_allocations,GET,GetAllocationsForTraceableItem,Allocation Records For A Traceable Item,Traceable Item Allocations,Allocation records for a traceable item,,https://api.columbus.sage.com/uk/sage200extra/accounts/v1/traceable_items/{traceableItemId}/traceable_item_allocations,,application/json,stock.json
Stock,/traceable_items/{traceableItemId}/traceable_item_issues,GET,GetIssuesForTraceableItem,Issue Movement History Records For A Traceable Item,Traceable Item Issues,Issue movement history records for a traceable item,,https://api.columbus.sage.com/uk/sage200extra/accounts/v1/traceable_items/{traceableItemId}/traceable_item_issues,,application/json,stock.json
Stock,/traceable_items/{traceableItemId}/traceable_item_locations,GET,GetLocationsForTraceableItem,Location Records For A Traceable Item,Traceable Item Locations,Location records for a traceable item,,https://api.columbus.sage.com/uk/sage200extra/accounts/v1/traceable_items/{traceableItemId}/traceable_item_locations,,application/json,stock.json
Stock,/traceable_items/{traceableItemId}/traceable_item_receipts,GET,GetReceiptsForTraceableItem,Receipt Movement History Records For A Traceable Item,Traceable Item Receipts,Receipt movement history records for a traceable item,,https://api.columbus.sage.com/uk/sage200extra/accounts/v1/traceable_items/{traceableItemId}/traceable_item_receipts,,application/json,stock.json
Stock,/traceable_items_amend,POST,PostTraceableItemsAmend,Amend Batch/Serial Numbers,Traceable Items Amend,Amend Batch/Serial Numbers,,https://api.columbus.sage.com/uk/sage200extra/accounts/v1/traceable_items_amend,application/json,application/json,stock.json
Stock,/traceable_items_amend_traceable_items,POST,PostTraceableItemsAmendTraceableItems,Amend Batch/Serial Numbers - Get Traceable Items,Traceable Items Amend Traceable Items,Amend Batch/Serial Numbers - Get Traceable Items,,https://api.columbus.sage.com/uk/sage200extra/accounts/v1/traceable_items_amend_traceable_items,application/json,application/json,stock.json
Stock,/traceable_items_assign,POST,PostTraceableItemsAssign,Assign Batch/Serial Numbers,Traceable Items Assign,Assign Batch/Serial Numbers,TRUE,https://api.columbus.sage.com/uk/sage200extra/accounts/v1/traceable_items_assign,application/json,application/json,stock.json
Stock,/traceable_items_assign_traceable_items,POST,PostTraceableItemsAssignTraceableItems,Assign Batch/Serial Numbers - Get Traceable Items,Traceable Items Assign Traceable Items,Assign Batch/Serial Numbers - Get Traceable Items,,https://api.columbus.sage.com/uk/sage200extra/accounts/v1/traceable_items_assign_traceable_items,application/json,application/json,stock.json
Stock,/traceable_types,GET,GetTraceableTypes,Traceable Types,Traceable Types,Traceable types,,https://api.columbus.sage.com/uk/sage200extra/accounts/v1/traceable_types,,application/json,stock.json
Stock,/unit_types,GET,GetUnitTypes,Unit Types,Unit Types,Unit types,,https://api.columbus.sage.com/uk/sage200extra/accounts/v1/unit_types,,application/json,stock.json
Stock,/units,GET,GetUnits,Units,Units,Units,,https://api.columbus.sage.com/uk/sage200extra/accounts/v1/units,,application/json,stock.json
Stock,/units/{Id},GET,GetUnit,Unit,Units,Unit,,https://api.columbus.sage.com/uk/sage200extra/accounts/v1/units/{Id},,application/json,stock.json
Stock,/warehouse_holdings,GET,GetWarehouseHoldings,Warehouse Holdings,Warehouse Holdings,Warehouse holdings,,https://api.columbus.sage.com/uk/sage200extra/accounts/v1/warehouse_holdings,,application/json,stock.json
Stock,/warehouse_holdings,POST,PostWarehouseHolding,Warehouse Holdings,Warehouse Holdings,Warehouse holdings,,https://api.columbus.sage.com/uk/sage200extra/accounts/v1/warehouse_holdings,application/json,application/json,stock.json
Stock,/warehouse_holdings/{Id},DELETE,DeleteWarehouseHolding,Warehouse Holding,Warehouse Holdings,Warehouse holding,,https://api.columbus.sage.com/uk/sage200extra/accounts/v1/warehouse_holdings/{Id},,application/json,stock.json
Stock,/warehouse_holdings/{Id},GET,GetWarehouseHolding,Warehouse Holding,Warehouse Holdings,Warehouse holding,,https://api.columbus.sage.com/uk/sage200extra/accounts/v1/warehouse_holdings/{Id},,application/json,stock.json
Stock,/warehouse_holdings/{Id},PUT,PutWarehouseHolding,Warehouse Holding,Warehouse Holdings,Warehouse holding,,https://api.columbus.sage.com/uk/sage200extra/accounts/v1/warehouse_holdings/{Id},application/json,application/json,stock.json
Stock,/warehouse_holdings/{warehouseHoldingId}/bin_holdings,GET,GetBinHoldingsForWarehouseHolding,Bin Holdings For Warehouse Holding,Bin Holdings,Bin holdings for warehouse holding,,https://api.columbus.sage.com/uk/sage200extra/accounts/v1/warehouse_holdings/{warehouseHoldingId}/bin_holdings,,application/json,stock.json
Stock,/warehouse_holdings/{warehouseHoldingId}/traceable_item_balances,GET,GetTraceableItemBalancesForAWarehouseHolding,Traceable Item Balances For A Warehouse Holding,Traceable Item Balances,Traceable item balances for a warehouse holding,,https://api.columbus.sage.com/uk/sage200extra/accounts/v1/warehouse_holdings/{warehouseHoldingId}/traceable_item_balances,,application/json,stock.json
Stock,/warehouse_types,GET,GetWarehouseTypes,Warehouse Types,Warehouse Types,Warehouse Types,,https://api.columbus.sage.com/uk/sage200extra/accounts/v1/warehouse_types,,application/json,stock.json
Stock,/warehouses,GET,GetWarehouses,Warehouses,Warehouses,Warehouses,,https://api.columbus.sage.com/uk/sage200extra/accounts/v1/warehouses,,application/json,stock.json
Stock,/warehouses,POST,PostWarehouse,Warehouses,Warehouses,Warehouses,,https://api.columbus.sage.com/uk/sage200extra/accounts/v1/warehouses,application/json,application/json,stock.json
Stock,/warehouses/{Id},DELETE,DeleteWarehouse,Warehouse,Warehouses,Warehouse,,https://api.columbus.sage.com/uk/sage200extra/accounts/v1/warehouses/{Id},,application/json,stock.json
Stock,/warehouses/{Id},GET,GetWarehouse,Warehouse,Warehouses,Warehouse,,https://api.columbus.sage.com/uk/sage200extra/accounts/v1/warehouses/{Id},,application/json,stock.json
Stock,/warehouses/{Id},PUT,PutWarehouse,Warehouse,Warehouses,Warehouse,,https://api.columbus.sage.com/uk/sage200extra/accounts/v1/warehouses/{Id},application/json,application/json,stock.json
Stock,/warehouses/{warehouseId}/products/{productId}/warehouse_holdings,GET,GetWarehouseHoldingsForWarehouseAndProduct,Warehouse Holdings For Warehouse And Product,Warehouse Holdings,Warehouse holdings for warehouse and product,,https://api.columbus.sage.com/uk/sage200extra/accounts/v1/warehouses/{warehouseId}/products/{productId}/warehouse_holdings,,application/json,stock.json
Stock,/warehouses/{warehouseId}/warehouse_holdings,GET,GetWarehouseHoldingsForWarehouse,Warehouse Holdings For Warehouse,Warehouse Holdings,Warehouse holdings for warehouse,,https://api.columbus.sage.com/uk/sage200extra/accounts/v1/warehouses/{warehouseId}/warehouse_holdings,,application/json,stock.json
